customer_id;gender;age_group
1;F;40-59
2;M;20-39
3;F;20-39
4;F;20-39
5;M;60+
6;F;60+
7;F;40-59
8;F;<20
9;M;20-39
10;M;20-39
11;M;60+
12;F;<20
13;F;<20
14;F;40-59
15;M;20-39
16;M;40-59
17;F;<20
18;M;40-59
19;F;<20
20;F;<20
21;F;20-39
22;M;20-39
23;F;40-59
24;F;<20
25;F;<20
26;M;40-59
27;M;20-39
28;M;40-59
29;M;40-59
30;F;<20
31;F;40-59
32;F;20-39
33;M;20-39
34;M;<20
35;M;40-59
36;M;20-39
37;M;20-39
38;M;60+
39;M;20-39
40;F;60+
41;M;40-59
42;F;60+
43;F;60+
44;M;60+
45;F;<20
46;F;40-59
47;M;40-59
48;M;40-59
49;F;20-39
50;M;60+
51;M;20-39
52;M;20-39
53;F;20-39
54;F;<20
55;F;40-59
56;F;<20
57;M;40-59
58;F;60+
59;M;20-39
60;M;40-59
61;F;<20
62;M;60+
63;F;60+
64;F;<20
65;F;40-59
66;F;20-39
67;F;20-39
68;M;40-59
69;M;20-39
70;M;40-59
71;M;20-39
72;M;20-39
73;F;60+
74;M;<20
75;M;40-59
76;M;20-39
77;M;60+
78;F;40-59
79;F;20-39
80;F;20-39
81;F;20-39
82;M;60+
83;F;20-39
84;M;20-39
85;M;40-59
86;M;20-39
87;F;20-39
88;M;20-39
89;M;<20
90;F;40-59
91;M;60+
92;F;60+
93;M;60+
94;M;20-39
95;M;20-39
96;F;40-59
97;M;60+
98;M;40-59
99;M;20-39
100;F;40-59
101;F;40-59
102;F;60+
103;M;40-59
104;F;20-39
105;F;20-39
106;F;20-39
107;M;20-39
108;M;60+
109;M;20-39
110;F;20-39
111;M;20-39
112;M;40-59
113;M;20-39
114;F;<20
115;M;60+
116;F;20-39
117;F;20-39
118;F;20-39
119;M;20-39
120;F;40-59
121;F;60+
122;F;<20
123;M;60+
124;M;40-59
125;M;20-39
126;M;20-39
127;M;20-39
128;M;60+
129;M;20-39
130;F;20-39
131;M;40-59
132;F;60+
133;F;40-59
134;M;40-59
135;F;20-39
136;M;60+
137;F;20-39
138;M;<20
139;F;60+
140;M;20-39
141;M;<20
142;M;40-59
143;F;20-39
144;F;<20
145;M;40-59
146;M;40-59
147;M;40-59
148;F;<20
149;M;20-39
150;M;40-59
151;F;<20
152;F;20-39
153;M;<20
154;F;20-39
155;M;20-39
156;F;40-59
157;M;60+
158;F;20-39
159;F;40-59
160;F;20-39
161;M;<20
162;F;40-59
163;M;20-39
164;M;60+
165;F;20-39
166;M;<20
167;F;20-39
168;F;20-39
169;M;60+
170;F;40-59
171;M;20-39
172;F;20-39
173;M;40-59
174;F;40-59
175;M;<20
176;M;<20
177;M;<20
178;F;20-39
179;F;20-39
180;F;<20
181;F;20-39
182;F;20-39
183;F;<20
184;M;60+
185;F;40-59
186;F;20-39
187;M;20-39
188;M;20-39
189;F;60+
190;M;40-59
191;F;20-39
192;M;60+
193;M;40-59
194;F;40-59
195;M;20-39
196;M;<20
197;F;40-59
198;F;20-39
199;M;40-59
200;M;40-59
201;F;20-39
202;F;20-39
203;F;20-39
204;M;20-39
205;M;40-59
206;M;40-59
207;M;20-39
208;F;40-59
209;M;20-39
210;F;40-59
211;F;20-39
212;F;40-59
213;M;40-59
214;F;20-39
215;F;20-39
216;F;60+
217;M;20-39
218;M;40-59
219;F;60+
220;M;60+
221;M;20-39
222;M;40-59
223;F;60+
224;F;40-59
225;M;<20
226;F;<20
227;M;40-59
228;F;20-39
229;F;20-39
230;M;20-39
231;M;40-59
232;M;20-39
233;F;60+
234;F;40-59
235;F;60+
236;F;60+
237;M;20-39
238;F;40-59
239;M;<20
240;M;60+
241;F;20-39
242;F;40-59
243;M;60+
244;F;<20
245;F;60+
246;F;<20
247;F;20-39
248;M;20-39
249;M;20-39
250;M;40-59
251;F;60+
252;F;20-39
253;M;40-59
254;M;60+
255;M;40-59
256;F;<20
257;F;60+
258;M;<20
259;M;40-59
260;F;40-59
261;M;40-59
262;F;<20
263;M;20-39
264;M;40-59
265;F;<20
266;M;20-39
267;M;40-59
268;M;40-59
269;M;20-39
270;M;20-39
271;M;60+
272;M;20-39
273;M;<20
274;F;20-39
275;F;20-39
276;M;60+
277;M;20-39
278;F;<20
279;F;20-39
280;F;<20
281;M;20-39
282;M;60+
283;M;40-59
284;M;<20
285;F;20-39
286;M;20-39
287;M;<20
288;M;40-59
289;F;20-39
290;M;40-59
291;F;60+
292;M;20-39
293;F;60+
294;M;20-39
295;F;20-39
296;F;60+
297;F;<20
298;F;20-39
299;F;40-59
300;F;20-39
301;F;60+
302;M;20-39
303;F;40-59
304;F;<20
305;F;<20
306;M;20-39
307;M;60+
308;F;<20
309;M;60+
310;M;20-39
311;M;20-39
312;M;20-39
313;M;<20
314;M;60+
315;M;20-39
316;M;40-59
317;M;40-59
318;F;20-39
319;M;40-59
320;F;60+
321;F;40-59
322;M;20-39
323;M;40-59
324;F;40-59
325;F;20-39
326;F;40-59
327;F;20-39
328;F;40-59
329;F;60+
330;M;60+
331;F;40-59
332;M;40-59
333;F;40-59
334;F;20-39
335;M;20-39
336;F;20-39
337;M;<20
338;F;60+
339;M;60+
340;F;20-39
341;M;20-39
342;F;40-59
343;F;20-39
344;F;40-59
345;F;60+
346;F;20-39
347;F;20-39
348;M;20-39
349;F;<20
350;M;20-39
351;F;<20
352;M;<20
353;F;20-39
354;F;<20
355;M;40-59
356;F;<20
357;F;60+
358;F;20-39
359;M;<20
360;F;<20
361;F;40-59
362;M;20-39
363;M;20-39
364;M;<20
365;F;60+
366;M;<20
367;F;20-39
368;F;60+
369;M;20-39
370;F;20-39
371;F;40-59
372;M;20-39
373;M;<20
374;M;20-39
375;M;<20
376;M;60+
377;F;40-59
378;M;40-59
379;M;20-39
380;F;40-59
381;F;40-59
382;F;<20
383;F;60+
384;M;40-59
385;M;40-59
386;F;20-39
387;F;<20
388;F;40-59
389;M;40-59
390;F;20-39
391;F;<20
392;M;40-59
393;F;20-39
394;F;20-39
395;M;40-59
396;M;<20
397;F;<20
398;M;<20
399;M;60+
400;M;20-39
401;M;40-59
402;F;60+
403;F;40-59
404;M;20-39
405;F;20-39
406;F;20-39
407;M;40-59
408;F;60+
409;M;40-59
410;F;20-39
411;F;20-39
412;F;60+
413;M;<20
414;F;60+
415;M;20-39
416;M;40-59
417;M;40-59
418;F;20-39
419;M;20-39
420;F;60+
421;F;20-39
422;M;20-39
423;M;20-39
424;M;20-39
425;F;40-59
426;F;<20
427;M;20-39
428;F;60+
429;M;<20
430;F;20-39
431;F;40-59
432;F;60+
433;F;40-59
434;F;40-59
435;M;20-39
436;M;20-39
437;M;60+
438;F;60+
439;F;20-39
440;F;20-39
441;F;20-39
442;M;<20
443;F;60+
444;M;40-59
445;M;20-39
446;F;20-39
447;F;20-39
448;F;<20
449;M;40-59
450;F;20-39
451;M;20-39
452;F;40-59
453;F;60+
454;M;<20
455;M;20-39
456;M;20-39
457;F;20-39
458;M;20-39
459;F;40-59
460;F;<20
461;F;<20
462;M;60+
463;F;20-39
464;M;40-59
465;F;40-59
466;F;40-59
467;F;40-59
468;F;60+
469;M;40-59
470;F;20-39
471;M;20-39
472;M;20-39
473;M;20-39
474;M;<20
475;M;20-39
476;M;20-39
477;M;<20
478;F;20-39
479;F;40-59
480;M;40-59
481;M;40-59
482;M;20-39
483;F;60+
484;M;40-59
485;M;<20
486;M;60+
487;M;<20
488;M;40-59
489;F;40-59
490;F;20-39
491;F;40-59
492;F;20-39
493;F;<20
494;M;<20
495;F;<20
496;F;<20
497;M;40-59
498;F;20-39
499;M;20-39
500;F;40-59
501;F;<20
502;F;20-39
503;F;40-59
504;F;60+
505;F;20-39
506;F;<20
507;M;40-59
508;F;60+
509;M;20-39
510;M;20-39
511;M;<20
512;F;40-59
513;M;60+
514;M;40-59
515;M;20-39
516;M;40-59
517;M;40-59
518;F;20-39
519;M;40-59
520;F;20-39
521;F;20-39
522;M;40-59
523;M;20-39
524;F;60+
525;M;20-39
526;M;20-39
527;F;20-39
528;F;20-39
529;F;20-39
530;M;40-59
531;F;20-39
532;F;20-39
533;M;40-59
534;F;<20
535;M;40-59
536;M;20-39
537;F;20-39
538;M;40-59
539;M;40-59
540;F;60+
541;F;20-39
542;F;20-39
543;F;40-59
544;F;40-59
545;M;40-59
546;M;20-39
547;M;40-59
548;M;20-39
549;F;20-39
550;M;<20
551;M;20-39
552;M;40-59
553;M;20-39
554;F;20-39
555;M;60+
556;M;40-59
557;M;20-39
558;M;60+
559;F;20-39
560;M;40-59
561;M;20-39
562;M;20-39
563;F;20-39
564;F;<20
565;F;20-39
566;F;20-39
567;F;40-59
568;M;20-39
569;M;<20
570;F;60+
571;M;40-59
572;F;60+
573;M;20-39
574;F;<20
575;F;40-59
576;F;20-39
577;F;<20
578;F;60+
579;F;40-59
580;M;40-59
581;F;20-39
582;F;40-59
583;M;20-39
584;M;60+
585;F;20-39
586;F;<20
587;M;<20
588;M;40-59
589;M;60+
590;M;60+
591;F;40-59
592;M;60+
593;M;40-59
594;F;20-39
595;M;40-59
596;M;<20
597;F;20-39
598;F;20-39
599;F;20-39
600;F;60+
601;M;60+
602;F;20-39
603;F;40-59
604;F;20-39
605;F;<20
606;F;20-39
607;F;20-39
608;M;20-39
609;F;20-39
610;M;<20
611;F;20-39
612;F;60+
613;F;<20
614;F;20-39
615;M;20-39
616;F;20-39
617;F;20-39
618;M;<20
619;M;40-59
620;M;20-39
621;F;40-59
622;M;40-59
623;F;20-39
624;M;20-39
625;F;20-39
626;M;20-39
627;F;<20
628;M;20-39
629;F;40-59
630;F;<20
631;F;<20
632;F;40-59
633;M;20-39
634;M;40-59
635;M;60+
636;M;60+
637;F;20-39
638;F;20-39
639;F;40-59
640;F;40-59
641;F;40-59
642;F;20-39
643;M;<20
644;M;20-39
645;F;<20
646;F;<20
647;M;60+
648;F;<20
649;F;40-59
650;M;60+
651;M;20-39
652;F;20-39
653;F;40-59
654;M;20-39
655;F;20-39
656;M;40-59
657;F;40-59
658;M;40-59
659;F;60+
660;M;20-39
661;M;40-59
662;F;40-59
663;M;40-59
664;M;40-59
665;M;40-59
666;F;60+
667;F;20-39
668;F;40-59
669;M;20-39
670;M;40-59
671;M;40-59
672;F;40-59
673;F;20-39
674;F;20-39
675;F;20-39
676;M;20-39
677;F;20-39
678;F;60+
679;M;20-39
680;M;60+
681;M;20-39
682;M;40-59
683;M;40-59
684;M;40-59
685;F;40-59
686;M;40-59
687;M;60+
688;F;20-39
689;F;<20
690;F;20-39
691;M;40-59
692;F;20-39
693;M;20-39
694;M;40-59
695;F;20-39
696;F;40-59
697;F;40-59
698;F;40-59
699;F;40-59
700;M;60+
701;M;40-59
702;M;60+
703;M;<20
704;F;40-59
705;M;40-59
706;F;20-39
707;F;20-39
708;F;20-39
709;M;20-39
710;M;60+
711;F;20-39
712;F;20-39
713;F;40-59
714;F;20-39
715;F;<20
716;M;20-39
717;F;20-39
718;M;20-39
719;F;40-59
720;F;40-59
721;F;40-59
722;M;20-39
723;M;20-39
724;F;60+
725;M;20-39
726;M;<20
727;M;40-59
728;M;20-39
729;M;40-59
730;F;40-59
731;M;60+
732;M;60+
733;M;20-39
734;M;40-59
735;M;20-39
736;F;40-59
737;M;40-59
738;M;<20
739;M;<20
740;M;<20
741;M;<20
742;M;20-39
743;F;60+
744;M;20-39
745;F;40-59
746;M;40-59
747;M;40-59
748;M;20-39
749;F;60+
750;F;40-59
751;M;40-59
752;M;60+
753;M;40-59
754;M;20-39
755;F;60+
756;M;20-39
757;M;40-59
758;F;<20
759;M;<20
760;M;20-39
761;F;<20
762;M;60+
763;M;<20
764;M;40-59
765;F;20-39
766;M;60+
767;M;20-39
768;M;<20
769;M;<20
770;F;20-39
771;M;60+
772;F;60+
773;F;20-39
774;F;20-39
775;M;<20
776;F;20-39
777;F;40-59
778;M;20-39
779;F;40-59
780;F;60+
781;M;<20
782;F;20-39
783;M;20-39
784;F;<20
785;F;20-39
786;M;40-59
787;F;<20
788;M;40-59
789;F;60+
790;F;60+
791;M;40-59
792;M;20-39
793;M;<20
794;M;20-39
795;M;60+
796;M;60+
797;M;20-39
798;M;20-39
799;F;20-39
800;F;20-39
801;F;60+
802;M;20-39
803;F;20-39
804;F;20-39
805;M;<20
806;M;20-39
807;F;60+
808;M;<20
809;F;40-59
810;F;20-39
811;M;20-39
812;M;<20
813;F;20-39
814;F;<20
815;M;20-39
816;F;40-59
817;F;40-59
818;F;60+
819;F;20-39
820;M;40-59
821;M;40-59
822;F;20-39
823;M;20-39
824;F;20-39
825;F;40-59
826;M;20-39
827;F;20-39
828;M;60+
829;F;<20
830;M;60+
831;F;40-59
832;F;40-59
833;M;40-59
834;F;20-39
835;F;40-59
836;F;40-59
837;F;40-59
838;F;20-39
839;M;20-39
840;F;20-39
841;M;20-39
842;F;40-59
843;F;40-59
844;M;40-59
845;M;40-59
846;F;20-39
847;M;20-39
848;F;20-39
849;M;20-39
850;F;<20
851;M;20-39
852;M;20-39
853;F;40-59
854;F;<20
855;M;20-39
856;M;<20
857;F;40-59
858;F;40-59
859;M;20-39
860;F;<20
861;F;60+
862;F;40-59
863;F;40-59
864;F;20-39
865;M;40-59
866;F;60+
867;F;20-39
868;F;40-59
869;M;20-39
870;M;40-59
871;F;20-39
872;M;<20
873;F;60+
874;M;60+
875;F;20-39
876;F;60+
877;M;20-39
878;M;20-39
879;F;60+
880;F;20-39
881;M;20-39
882;F;40-59
883;F;<20
884;M;20-39
885;M;20-39
886;M;40-59
887;M;<20
888;M;20-39
889;M;40-59
890;F;<20
891;M;20-39
892;F;40-59
893;M;40-59
894;M;<20
895;F;60+
896;F;40-59
897;M;20-39
898;M;40-59
899;M;40-59
900;F;40-59
901;M;20-39
902;M;40-59
903;M;60+
904;M;40-59
905;F;40-59
906;F;40-59
907;M;60+
908;M;60+
909;M;20-39
910;M;20-39
911;F;40-59
912;F;20-39
913;F;40-59
914;F;40-59
915;F;60+
916;F;20-39
917;M;40-59
918;M;20-39
919;M;20-39
920;F;<20
921;M;20-39
922;F;20-39
923;F;40-59
924;F;40-59
925;M;20-39
926;M;<20
927;M;<20
928;F;60+
929;F;60+
930;F;20-39
931;M;20-39
932;M;20-39
933;M;40-59
934;F;20-39
935;F;<20
936;M;20-39
937;F;20-39
938;M;20-39
939;F;<20
940;M;40-59
941;M;20-39
942;F;20-39
943;M;20-39
944;M;20-39
945;M;40-59
946;M;60+
947;F;<20
948;F;60+
949;F;40-59
950;M;40-59
951;F;20-39
952;M;20-39
953;M;<20
954;M;60+
955;F;40-59
956;F;20-39
957;F;20-39
958;F;<20
959;M;20-39
960;F;40-59
961;F;20-39
962;M;40-59
963;M;40-59
964;M;40-59
965;F;40-59
966;M;<20
967;F;40-59
968;M;40-59
969;F;20-39
970;M;20-39
971;M;20-39
972;M;20-39
973;M;20-39
974;F;<20
975;M;40-59
976;F;<20
977;M;<20
978;M;20-39
979;F;20-39
980;M;60+
981;F;20-39
982;F;20-39
983;F;20-39
984;M;20-39
985;M;40-59
986;F;40-59
987;M;20-39
988;M;40-59
989;M;20-39
990;F;60+
991;F;40-59
992;F;20-39
993;F;40-59
994;M;40-59
995;F;20-39
996;M;60+
997;F;60+
998;M;20-39
999;F;40-59
1000;M;40-59
1001;M;20-39
1002;M;20-39
1003;M;60+
1004;M;40-59
1005;F;20-39
1006;M;<20
1007;F;20-39
1008;M;60+
1009;F;40-59
1010;M;<20
1011;F;60+
1012;F;40-59
1013;M;20-39
1014;F;<20
1015;M;20-39
1016;M;<20
1017;F;20-39
1018;F;40-59
1019;M;60+
1020;M;20-39
1021;F;60+
1022;F;60+
1023;F;<20
1024;F;20-39
1025;F;40-59
1026;M;40-59
1027;F;20-39
1028;M;40-59
1029;F;40-59
1030;M;40-59
1031;F;40-59
1032;F;<20
1033;F;<20
1034;F;<20
1035;M;60+
1036;F;60+
1037;M;40-59
1038;M;<20
1039;M;40-59
1040;M;20-39
1041;M;20-39
1042;F;20-39
1043;F;40-59
1044;F;<20
1045;M;40-59
1046;M;60+
1047;M;40-59
1048;F;<20
1049;F;60+
1050;M;40-59
1051;F;20-39
1052;M;40-59
1053;M;60+
1054;M;20-39
1055;M;20-39
1056;F;20-39
1057;F;<20
1058;M;40-59
1059;F;<20
1060;F;20-39
1061;F;20-39
1062;F;20-39
1063;M;20-39
1064;F;40-59
1065;M;20-39
1066;F;20-39
1067;M;60+
1068;F;60+
1069;M;20-39
1070;M;20-39
1071;F;<20
1072;F;<20
1073;M;20-39
1074;F;60+
1075;F;40-59
1076;M;20-39
1077;F;60+
1078;M;20-39
1079;F;20-39
1080;M;20-39
1081;M;20-39
1082;F;60+
1083;F;20-39
1084;F;40-59
1085;F;20-39
1086;F;60+
1087;F;40-59
1088;F;20-39
1089;M;<20
1090;M;60+
1091;M;20-39
1092;F;20-39
1093;M;60+
1094;M;<20
1095;F;20-39
1096;M;20-39
1097;M;20-39
1098;F;20-39
1099;F;20-39
1100;M;<20
1101;M;<20
1102;M;<20
1103;F;60+
1104;F;40-59
1105;M;20-39
1106;F;20-39
1107;M;40-59
1108;M;<20
1109;F;20-39
1110;M;40-59
1111;M;20-39
1112;M;40-59
1113;F;60+
1114;F;40-59
1115;F;20-39
1116;M;<20
1117;M;20-39
1118;F;40-59
1119;M;60+
1120;F;60+
1121;F;20-39
1122;M;60+
1123;F;20-39
1124;M;40-59
1125;M;20-39
1126;F;<20
1127;F;<20
1128;F;60+
1129;F;20-39
1130;F;20-39
1131;F;20-39
1132;F;20-39
1133;M;60+
1134;F;<20
1135;F;<20
1136;M;40-59
1137;M;20-39
1138;M;<20
1139;M;<20
1140;F;20-39
1141;M;20-39
1142;F;<20
1143;F;20-39
1144;F;40-59
1145;M;60+
1146;M;60+
1147;F;20-39
1148;F;20-39
1149;M;60+
1150;F;40-59
1151;M;20-39
1152;F;20-39
1153;M;20-39
1154;M;20-39
1155;F;20-39
1156;M;<20
1157;M;60+
1158;M;40-59
1159;M;40-59
1160;F;20-39
1161;M;40-59
1162;F;40-59
1163;F;<20
1164;M;40-59
1165;M;40-59
1166;F;40-59
1167;F;20-39
1168;F;60+
1169;F;20-39
1170;M;<20
1171;M;<20
1172;F;20-39
1173;M;20-39
1174;F;20-39
1175;F;40-59
1176;F;20-39
1177;M;60+
1178;M;<20
1179;M;40-59
1180;M;60+
1181;F;40-59
1182;M;40-59
1183;M;40-59
1184;M;<20
1185;M;<20
1186;F;20-39
1187;M;<20
1188;F;20-39
1189;M;20-39
1190;F;60+
1191;M;60+
1192;M;40-59
1193;F;40-59
1194;F;<20
1195;F;<20
1196;M;40-59
1197;M;40-59
1198;F;20-39
1199;M;20-39
1200;F;20-39
1201;F;20-39
1202;F;20-39
1203;F;20-39
1204;F;40-59
1205;M;60+
1206;M;20-39
1207;F;40-59
1208;M;40-59
1209;M;<20
1210;M;40-59
1211;F;20-39
1212;F;40-59
1213;F;<20
1214;M;60+
1215;M;60+
1216;F;<20
1217;M;20-39
1218;F;20-39
1219;F;40-59
1220;M;40-59
1221;M;20-39
1222;M;40-59
1223;F;20-39
1224;F;20-39
1225;M;20-39
1226;F;20-39
1227;M;20-39
1228;M;20-39
1229;F;20-39
1230;M;60+
1231;M;20-39
1232;F;60+
1233;M;20-39
1234;F;40-59
1235;M;20-39
1236;M;40-59
1237;M;20-39
1238;M;<20
1239;M;<20
1240;M;<20
1241;F;60+
1242;M;60+
1243;M;40-59
1244;M;<20
1245;M;60+
1246;M;40-59
1247;F;20-39
1248;M;20-39
1249;F;40-59
1250;F;<20
1251;M;20-39
1252;M;40-59
1253;M;20-39
1254;F;20-39
1255;M;20-39
1256;F;40-59
1257;F;60+
1258;F;60+
1259;F;40-59
1260;F;40-59
1261;M;40-59
1262;M;20-39
1263;M;<20
1264;F;40-59
1265;F;40-59
1266;F;20-39
1267;M;60+
1268;F;40-59
1269;F;20-39
1270;M;<20
1271;F;<20
1272;M;20-39
1273;M;20-39
1274;F;20-39
1275;M;20-39
1276;M;20-39
1277;M;40-59
1278;M;40-59
1279;F;20-39
1280;F;20-39
1281;M;<20
1282;M;<20
1283;M;20-39
1284;F;<20
1285;F;20-39
1286;F;60+
1287;M;20-39
1288;M;40-59
1289;M;<20
1290;F;20-39
1291;M;60+
1292;F;20-39
1293;F;40-59
1294;M;60+
1295;M;20-39
1296;M;20-39
1297;M;20-39
1298;M;<20
1299;F;<20
1300;M;<20
1301;M;60+
1302;F;40-59
1303;F;20-39
1304;M;20-39
1305;F;40-59
1306;F;60+
1307;F;20-39
1308;F;20-39
1309;M;60+
1310;F;60+
1311;M;60+
1312;F;20-39
1313;F;<20
1314;M;20-39
1315;M;20-39
1316;F;60+
1317;F;<20
1318;M;40-59
1319;F;60+
1320;F;60+
1321;F;40-59
1322;M;60+
1323;M;<20
1324;F;20-39
1325;M;<20
1326;F;60+
1327;M;60+
1328;F;<20
1329;M;<20
1330;M;20-39
1331;F;20-39
1332;F;60+
1333;F;<20
1334;F;40-59
1335;F;20-39
1336;F;20-39
1337;M;<20
1338;F;60+
1339;F;40-59
1340;M;20-39
1341;M;20-39
1342;F;60+
1343;M;40-59
1344;F;40-59
1345;F;40-59
1346;F;60+
1347;M;20-39
1348;M;40-59
1349;M;20-39
1350;M;40-59
1351;F;60+
1352;F;60+
1353;M;20-39
1354;M;40-59
1355;F;60+
1356;M;60+
1357;F;40-59
1358;M;<20
1359;F;20-39
1360;M;60+
1361;F;40-59
1362;M;40-59
1363;F;40-59
1364;M;20-39
1365;M;20-39
1366;F;40-59
1367;M;20-39
1368;M;40-59
1369;M;40-59
1370;M;60+
1371;M;20-39
1372;F;40-59
1373;M;<20
1374;F;<20
1375;F;20-39
1376;M;<20
1377;F;60+
1378;F;60+
1379;F;<20
1380;M;40-59
1381;M;20-39
1382;M;40-59
1383;F;60+
1384;F;40-59
1385;F;<20
1386;M;<20
1387;F;20-39
1388;M;60+
1389;F;40-59
1390;M;20-39
1391;F;<20
1392;F;60+
1393;M;20-39
1394;M;40-59
1395;F;40-59
1396;M;20-39
1397;F;<20
1398;F;20-39
1399;F;20-39
1400;M;40-59
1401;M;40-59
1402;M;20-39
1403;F;20-39
1404;M;<20
1405;M;20-39
1406;M;40-59
1407;F;40-59
1408;M;40-59
1409;F;<20
1410;F;20-39
1411;F;20-39
1412;F;60+
1413;F;40-59
1414;F;60+
1415;M;<20
1416;F;20-39
1417;F;40-59
1418;F;20-39
1419;F;40-59
1420;F;20-39
1421;F;60+
1422;M;20-39
1423;M;60+
1424;M;20-39
1425;M;20-39
1426;M;20-39
1427;M;20-39
1428;M;60+
1429;F;60+
1430;M;60+
1431;F;60+
1432;F;40-59
1433;M;20-39
1434;M;60+
1435;M;<20
1436;F;40-59
1437;M;20-39
1438;F;40-59
1439;F;20-39
1440;F;20-39
1441;M;<20
1442;M;20-39
1443;M;20-39
1444;M;20-39
1445;M;20-39
1446;F;40-59
1447;F;20-39
1448;F;40-59
1449;F;<20
1450;M;40-59
1451;F;<20
1452;F;20-39
1453;F;20-39
1454;F;40-59
1455;M;20-39
1456;M;20-39
1457;M;20-39
1458;M;20-39
1459;F;20-39
1460;M;40-59
1461;F;20-39
1462;F;40-59
1463;M;20-39
1464;M;20-39
1465;F;20-39
1466;F;<20
1467;M;20-39
1468;M;40-59
1469;F;40-59
1470;M;20-39
1471;F;20-39
1472;M;60+
1473;M;<20
1474;F;20-39
1475;F;60+
1476;F;20-39
1477;M;<20
1478;F;20-39
1479;M;40-59
1480;M;<20
1481;M;40-59
1482;M;20-39
1483;F;20-39
1484;M;20-39
1485;F;40-59
1486;M;20-39
1487;F;40-59
1488;M;20-39
1489;F;<20
1490;M;20-39
1491;M;20-39
1492;F;20-39
1493;F;40-59
1494;F;60+
1495;M;40-59
1496;F;40-59
1497;F;20-39
1498;F;40-59
1499;M;20-39
1500;F;40-59
1501;F;60+
1502;F;20-39
1503;M;60+
1504;M;60+
1505;F;20-39
1506;F;60+
1507;F;<20
1508;M;<20
1509;M;20-39
1510;F;40-59
1511;M;20-39
1512;M;60+
1513;F;20-39
1514;F;20-39
1515;F;40-59
1516;M;<20
1517;M;40-59
1518;F;20-39
1519;M;60+
1520;M;40-59
1521;M;<20
1522;F;<20
1523;F;<20
1524;F;60+
1525;F;40-59
1526;M;20-39
1527;M;20-39
1528;M;60+
1529;M;20-39
1530;M;40-59
1531;M;40-59
1532;M;20-39
1533;F;20-39
1534;F;20-39
1535;M;20-39
1536;M;60+
1537;F;40-59
1538;F;60+
1539;F;20-39
1540;M;20-39
1541;F;40-59
1542;M;20-39
1543;M;20-39
1544;M;20-39
1545;M;40-59
1546;M;40-59
1547;M;20-39
1548;F;60+
1549;M;20-39
1550;M;20-39
1551;M;20-39
1552;M;40-59
1553;M;20-39
1554;M;20-39
1555;M;20-39
1556;F;40-59
1557;F;40-59
1558;F;20-39
1559;F;60+
1560;F;<20
1561;F;<20
1562;F;40-59
1563;F;40-59
1564;F;20-39
1565;F;20-39
1566;M;20-39
1567;M;20-39
1568;M;40-59
1569;M;60+
1570;M;20-39
1571;M;40-59
1572;F;40-59
1573;F;20-39
1574;F;20-39
1575;M;60+
1576;M;20-39
1577;F;40-59
1578;F;<20
1579;F;40-59
1580;F;20-39
1581;F;60+
1582;M;40-59
1583;M;<20
1584;M;40-59
1585;F;40-59
1586;F;20-39
1587;M;20-39
1588;F;40-59
1589;M;40-59
1590;M;20-39
1591;M;60+
1592;M;20-39
1593;F;<20
1594;M;40-59
1595;F;<20
1596;F;20-39
1597;M;20-39
1598;M;20-39
1599;F;20-39
1600;M;40-59
1601;F;20-39
1602;M;40-59
1603;F;40-59
1604;F;20-39
1605;M;20-39
1606;M;40-59
1607;F;20-39
1608;M;20-39
1609;M;60+
1610;M;40-59
1611;M;40-59
1612;F;<20
1613;F;<20
1614;M;20-39
1615;F;40-59
1616;M;20-39
1617;M;<20
1618;F;20-39
1619;F;40-59
1620;M;40-59
1621;M;<20
1622;F;<20
1623;F;20-39
1624;M;<20
1625;M;20-39
1626;F;<20
1627;M;40-59
1628;M;40-59
1629;M;60+
1630;M;60+
1631;M;20-39
1632;F;<20
1633;F;20-39
1634;F;40-59
1635;F;<20
1636;M;20-39
1637;M;20-39
1638;F;20-39
1639;M;40-59
1640;F;40-59
1641;F;20-39
1642;M;60+
1643;M;<20
1644;M;<20
1645;M;20-39
1646;M;40-59
1647;M;40-59
1648;F;<20
1649;F;60+
1650;F;20-39
1651;M;20-39
1652;M;40-59
1653;M;60+
1654;M;40-59
1655;F;60+
1656;M;20-39
1657;M;40-59
1658;F;40-59
1659;M;20-39
1660;M;20-39
1661;M;60+
1662;F;<20
1663;F;20-39
1664;M;60+
1665;F;60+
1666;F;60+
1667;F;60+
1668;M;<20
1669;M;60+
1670;F;20-39
1671;M;40-59
1672;F;20-39
1673;F;40-59
1674;M;40-59
1675;F;60+
1676;F;20-39
1677;F;20-39
1678;M;20-39
1679;F;<20
1680;F;40-59
1681;F;20-39
1682;F;20-39
1683;F;<20
1684;M;20-39
1685;M;40-59
1686;M;20-39
1687;F;20-39
1688;F;20-39
1689;F;20-39
1690;M;40-59
1691;F;20-39
1692;F;20-39
1693;M;40-59
1694;F;20-39
1695;F;40-59
1696;F;20-39
1697;M;60+
1698;F;20-39
1699;F;20-39
1700;F;60+
1701;F;40-59
1702;F;40-59
1703;M;60+
1704;F;<20
1705;M;40-59
1706;F;40-59
1707;M;20-39
1708;M;20-39
1709;F;<20
1710;M;60+
1711;F;<20
1712;M;20-39
1713;F;40-59
1714;F;40-59
1715;M;<20
1716;F;40-59
1717;M;20-39
1718;F;60+
1719;F;<20
1720;F;<20
1721;M;40-59
1722;M;<20
1723;F;20-39
1724;F;<20
1725;M;40-59
1726;M;60+
1727;M;40-59
1728;F;60+
1729;M;60+
1730;M;20-39
1731;F;20-39
1732;M;60+
1733;F;60+
1734;M;60+
1735;F;40-59
1736;F;20-39
1737;F;60+
1738;M;60+
1739;F;40-59
1740;F;60+
1741;M;20-39
1742;M;60+
1743;M;<20
1744;F;60+
1745;F;<20
1746;F;20-39
1747;F;<20
1748;F;20-39
1749;M;20-39
1750;M;60+
1751;F;20-39
1752;M;60+
1753;F;20-39
1754;F;<20
1755;M;40-59
1756;F;40-59
1757;M;20-39
1758;F;40-59
1759;F;60+
1760;F;40-59
1761;M;60+
1762;M;40-59
1763;M;40-59
1764;M;20-39
1765;M;<20
1766;M;20-39
1767;F;40-59
1768;M;40-59
1769;M;20-39
1770;F;40-59
1771;F;20-39
1772;F;20-39
1773;F;60+
1774;F;20-39
1775;F;20-39
1776;F;20-39
1777;F;20-39
1778;M;40-59
1779;M;60+
1780;M;40-59
1781;M;40-59
1782;F;20-39
1783;M;20-39
1784;M;20-39
1785;M;<20
1786;F;60+
1787;M;20-39
1788;F;20-39
1789;F;<20
1790;M;40-59
1791;F;20-39
1792;M;20-39
1793;M;60+
1794;F;20-39
1795;F;60+
1796;M;20-39
1797;F;40-59
1798;M;60+
1799;F;20-39
1800;F;40-59
1801;F;20-39
1802;F;40-59
1803;M;60+
1804;F;40-59
1805;F;60+
1806;F;40-59
1807;M;40-59
1808;M;20-39
1809;M;40-59
1810;M;60+
1811;M;40-59
1812;M;20-39
1813;F;20-39
1814;M;40-59
1815;F;60+
1816;F;<20
1817;F;<20
1818;M;20-39
1819;F;<20
1820;F;60+
1821;F;20-39
1822;M;20-39
1823;F;20-39
1824;F;20-39
1825;F;60+
1826;M;20-39
1827;F;<20
1828;M;20-39
1829;F;60+
1830;M;60+
1831;M;20-39
1832;F;40-59
1833;M;<20
1834;M;40-59
1835;M;<20
1836;M;40-59
1837;M;60+
1838;M;20-39
1839;F;20-39
1840;F;<20
1841;M;20-39
1842;F;<20
1843;M;20-39
1844;F;60+
1845;M;<20
1846;F;60+
1847;M;<20
1848;F;20-39
1849;M;20-39
1850;F;60+
1851;M;20-39
1852;F;20-39
1853;F;40-59
1854;F;40-59
1855;F;40-59
1856;F;<20
1857;M;20-39
1858;M;40-59
1859;M;40-59
1860;M;40-59
1861;F;20-39
1862;F;20-39
1863;F;60+
1864;F;40-59
1865;F;<20
1866;F;60+
1867;F;40-59
1868;M;20-39
1869;F;20-39
1870;F;40-59
1871;M;20-39
1872;M;40-59
1873;F;40-59
1874;F;20-39
1875;F;60+
1876;F;20-39
1877;M;20-39
1878;M;40-59
1879;F;40-59
1880;F;20-39
1881;F;40-59
1882;F;60+
1883;M;40-59
1884;F;40-59
1885;M;20-39
1886;M;20-39
1887;M;20-39
1888;M;<20
1889;F;40-59
1890;M;20-39
1891;M;20-39
1892;F;20-39
1893;F;20-39
1894;M;20-39
1895;M;40-59
1896;M;40-59
1897;F;20-39
1898;M;20-39
1899;M;40-59
1900;M;<20
1901;F;20-39
1902;M;20-39
1903;F;40-59
1904;M;60+
1905;F;40-59
1906;M;60+
1907;M;60+
1908;M;20-39
1909;F;20-39
1910;F;20-39
1911;M;20-39
1912;M;20-39
1913;F;20-39
1914;F;20-39
1915;M;20-39
1916;M;40-59
1917;F;40-59
1918;F;60+
1919;F;20-39
1920;F;20-39
1921;M;60+
1922;M;40-59
1923;M;40-59
1924;M;20-39
1925;M;<20
1926;M;60+
1927;M;40-59
1928;F;40-59
1929;M;20-39
1930;M;20-39
1931;F;20-39
1932;F;40-59
1933;F;20-39
1934;F;<20
1935;F;20-39
1936;M;60+
1937;M;20-39
1938;F;20-39
1939;M;40-59
1940;M;40-59
1941;M;40-59
1942;M;60+
1943;M;<20
1944;M;60+
1945;F;60+
1946;F;20-39
1947;M;40-59
1948;F;20-39
1949;M;20-39
1950;F;20-39
1951;F;<20
1952;M;60+
1953;F;20-39
1954;F;40-59
1955;F;20-39
1956;F;20-39
1957;F;20-39
1958;M;20-39
1959;F;40-59
1960;F;60+
1961;F;20-39
1962;M;60+
1963;F;40-59
1964;M;40-59
1965;F;20-39
1966;M;<20
1967;F;60+
1968;F;40-59
1969;M;20-39
1970;F;40-59
1971;M;20-39
1972;F;40-59
1973;F;20-39
1974;M;60+
1975;M;20-39
1976;M;<20
1977;M;40-59
1978;F;<20
1979;F;60+
1980;M;40-59
1981;F;20-39
1982;M;20-39
1983;F;60+
1984;M;40-59
1985;F;60+
1986;F;<20
1987;M;60+
1988;F;20-39
1989;F;40-59
1990;M;20-39
1991;M;<20
1992;F;60+
1993;M;60+
1994;M;20-39
1995;M;60+
1996;F;20-39
1997;M;<20
1998;M;<20
1999;F;20-39
2000;F;<20
2001;F;20-39
2002;M;<20
2003;F;40-59
2004;F;40-59
2005;M;40-59
2006;F;20-39
2007;M;40-59
2008;M;20-39
2009;M;40-59
2010;F;40-59
2011;M;20-39
2012;M;<20
2013;M;40-59
2014;M;60+
2015;M;40-59
2016;F;60+
2017;M;60+
2018;M;20-39
2019;F;40-59
2020;M;20-39
2021;F;20-39
2022;M;<20
2023;M;60+
2024;M;40-59
2025;M;20-39
2026;M;20-39
2027;F;20-39
2028;M;40-59
2029;F;60+
2030;F;20-39
2031;M;20-39
2032;F;40-59
2033;M;20-39
2034;M;20-39
2035;M;<20
2036;F;20-39
2037;F;20-39
2038;M;60+
2039;F;20-39
2040;F;20-39
2041;M;40-59
2042;F;60+
2043;F;20-39
2044;F;<20
2045;F;40-59
2046;M;20-39
2047;M;40-59
2048;F;20-39
2049;M;<20
2050;M;20-39
2051;F;40-59
2052;M;20-39
2053;M;20-39
2054;F;20-39
2055;M;40-59
2056;M;<20
2057;F;40-59
2058;M;40-59
2059;M;20-39
2060;M;60+
2061;F;60+
2062;M;20-39
2063;F;<20
2064;M;20-39
2065;M;20-39
2066;F;20-39
2067;F;60+
2068;F;60+
2069;M;20-39
2070;F;20-39
2071;F;<20
2072;M;20-39
2073;M;<20
2074;F;60+
2075;M;60+
2076;F;20-39
2077;F;40-59
2078;M;40-59
2079;M;40-59
2080;M;20-39
2081;M;20-39
2082;M;40-59
2083;F;<20
2084;M;40-59
2085;F;20-39
2086;M;40-59
2087;M;40-59
2088;M;<20
2089;F;20-39
2090;M;40-59
2091;M;<20
2092;F;40-59
2093;F;40-59
2094;M;20-39
2095;F;40-59
2096;M;20-39
2097;M;40-59
2098;M;<20
2099;M;<20
2100;M;<20
2101;F;60+
2102;M;60+
2103;F;40-59
2104;F;20-39
2105;F;20-39
2106;F;40-59
2107;F;40-59
2108;F;<20
2109;M;60+
2110;M;<20
2111;F;20-39
2112;F;60+
2113;M;20-39
2114;F;20-39
2115;M;20-39
2116;F;60+
2117;M;<20
2118;M;40-59
2119;M;20-39
2120;M;<20
2121;M;20-39
2122;M;20-39
2123;M;20-39
2124;M;20-39
2125;M;40-59
2126;M;40-59
2127;M;40-59
2128;M;40-59
2129;M;20-39
2130;M;20-39
2131;M;20-39
2132;F;40-59
2133;F;<20
2134;F;20-39
2135;F;20-39
2136;F;20-39
2137;M;60+
2138;F;40-59
2139;F;20-39
2140;F;40-59
2141;F;40-59
2142;M;20-39
2143;F;20-39
2144;F;40-59
2145;M;<20
2146;F;20-39
2147;M;20-39
2148;F;40-59
2149;F;60+
2150;M;40-59
2151;F;20-39
2152;M;20-39
2153;F;40-59
2154;F;40-59
2155;F;60+
2156;F;40-59
2157;M;20-39
2158;M;40-59
2159;M;60+
2160;M;40-59
2161;M;40-59
2162;M;20-39
2163;M;40-59
2164;M;20-39
2165;F;<20
2166;M;40-59
2167;F;60+
2168;M;60+
2169;M;20-39
2170;F;<20
2171;M;20-39
2172;M;60+
2173;F;40-59
2174;M;60+
2175;M;20-39
2176;F;20-39
2177;M;40-59
2178;F;20-39
2179;M;60+
2180;F;40-59
2181;F;<20
2182;F;<20
2183;F;60+
2184;M;40-59
2185;F;40-59
2186;M;40-59
2187;F;20-39
2188;F;40-59
2189;M;60+
2190;F;20-39
2191;M;40-59
2192;F;20-39
2193;F;20-39
2194;M;20-39
2195;F;60+
2196;F;<20
2197;M;20-39
2198;F;40-59
2199;M;<20
2200;F;40-59
2201;M;60+
2202;F;<20
2203;F;<20
2204;M;60+
2205;M;20-39
2206;F;<20
2207;F;60+
2208;M;60+
2209;M;40-59
2210;M;20-39
2211;F;60+
2212;M;40-59
2213;F;40-59
2214;M;60+
2215;F;40-59
2216;M;20-39
2217;M;20-39
2218;F;20-39
2219;F;20-39
2220;M;20-39
2221;M;20-39
2222;M;40-59
2223;M;20-39
2224;M;<20
2225;F;20-39
2226;M;20-39
2227;F;40-59
2228;M;20-39
2229;M;20-39
2230;F;40-59
2231;M;<20
2232;F;20-39
2233;M;40-59
2234;F;20-39
2235;F;40-59
2236;F;40-59
2237;M;60+
2238;M;<20
2239;M;40-59
2240;F;40-59
2241;M;20-39
2242;M;60+
2243;M;20-39
2244;M;60+
2245;M;40-59
2246;M;20-39
2247;M;<20
2248;F;60+
2249;M;20-39
2250;M;<20
2251;F;<20
2252;F;40-59
2253;M;<20
2254;F;40-59
2255;F;40-59
2256;F;20-39
2257;F;40-59
2258;F;20-39
2259;M;60+
2260;M;60+
2261;F;20-39
2262;F;20-39
2263;M;20-39
2264;M;60+
2265;F;20-39
2266;M;20-39
2267;F;60+
2268;F;<20
2269;F;20-39
2270;F;<20
2271;F;40-59
2272;F;20-39
2273;F;60+
2274;F;20-39
2275;F;<20
2276;M;40-59
2277;F;40-59
2278;M;40-59
2279;F;40-59
2280;F;20-39
2281;M;40-59
2282;M;<20
2283;M;20-39
2284;F;60+
2285;M;40-59
2286;M;20-39
2287;F;<20
2288;F;60+
2289;M;<20
2290;M;20-39
2291;F;20-39
2292;F;<20
2293;F;20-39
2294;M;60+
2295;M;20-39
2296;M;20-39
2297;F;40-59
2298;M;20-39
2299;M;40-59
2300;F;40-59
2301;F;40-59
2302;F;40-59
2303;M;40-59
2304;M;40-59
2305;M;40-59
2306;M;<20
2307;F;40-59
2308;M;40-59
2309;F;20-39
2310;F;60+
2311;F;20-39
2312;M;20-39
2313;M;60+
2314;M;20-39
2315;M;20-39
2316;M;20-39
2317;M;60+
2318;F;20-39
2319;F;40-59
2320;F;40-59
2321;M;40-59
2322;M;60+
2323;M;40-59
2324;M;20-39
2325;M;60+
2326;F;20-39
2327;M;<20
2328;M;20-39
2329;F;40-59
2330;F;<20
2331;F;40-59
2332;M;20-39
2333;F;20-39
2334;M;<20
2335;M;60+
2336;F;20-39
2337;F;<20
2338;M;20-39
2339;F;20-39
2340;M;40-59
2341;M;20-39
2342;M;<20
2343;F;60+
2344;M;20-39
2345;F;<20
2346;M;40-59
2347;F;40-59
2348;F;40-59
2349;M;20-39
2350;M;20-39
2351;M;20-39
2352;F;<20
2353;M;20-39
2354;F;60+
2355;M;40-59
2356;F;20-39
2357;M;20-39
2358;F;40-59
2359;F;20-39
2360;M;<20
2361;F;<20
2362;M;40-59
2363;M;40-59
2364;F;<20
2365;F;<20
2366;F;40-59
2367;M;40-59
2368;M;40-59
2369;M;20-39
2370;F;40-59
2371;M;60+
2372;M;40-59
2373;M;20-39
2374;M;40-59
2375;M;20-39
2376;M;<20
2377;F;20-39
2378;F;60+
2379;M;20-39
2380;F;60+
2381;F;20-39
2382;M;20-39
2383;M;<20
2384;M;40-59
2385;M;<20
2386;F;20-39
2387;F;20-39
2388;M;20-39
2389;F;20-39
2390;M;<20
2391;F;20-39
2392;F;60+
2393;M;<20
2394;M;20-39
2395;F;20-39
2396;F;20-39
2397;M;40-59
2398;M;20-39
2399;M;20-39
2400;F;40-59
2401;F;20-39
2402;F;60+
2403;F;60+
2404;F;<20
2405;F;20-39
2406;M;20-39
2407;F;20-39
2408;M;20-39
2409;M;20-39
2410;F;20-39
2411;F;20-39
2412;F;20-39
2413;M;60+
2414;F;60+
2415;M;<20
2416;M;40-59
2417;M;20-39
2418;F;40-59
2419;M;40-59
2420;F;60+
2421;M;<20
2422;M;20-39
2423;F;60+
2424;M;20-39
2425;F;<20
2426;F;40-59
2427;M;40-59
2428;F;40-59
2429;F;40-59
2430;F;40-59
2431;F;<20
2432;F;40-59
2433;F;40-59
2434;M;60+
2435;F;20-39
2436;F;<20
2437;F;40-59
2438;F;20-39
2439;M;<20
2440;F;40-59
2441;F;20-39
2442;M;20-39
2443;M;<20
2444;F;<20
2445;M;40-59
2446;F;20-39
2447;M;<20
2448;M;20-39
2449;F;20-39
2450;F;<20
2451;F;20-39
2452;F;20-39
2453;F;20-39
2454;F;20-39
2455;F;20-39
2456;F;20-39
2457;F;<20
2458;M;<20
2459;M;<20
2460;F;20-39
2461;F;40-59
2462;F;<20
2463;M;40-59
2464;F;40-59
2465;M;<20
2466;F;<20
2467;F;20-39
2468;F;<20
2469;F;20-39
2470;M;<20
2471;M;40-59
2472;F;20-39
2473;F;40-59
2474;F;40-59
2475;M;20-39
2476;M;60+
2477;M;60+
2478;M;20-39
2479;M;<20
2480;F;20-39
2481;F;20-39
2482;M;20-39
2483;M;20-39
2484;M;20-39
2485;F;40-59
2486;M;20-39
2487;F;20-39
2488;F;20-39
2489;M;40-59
2490;F;40-59
2491;F;<20
2492;M;40-59
2493;M;20-39
2494;F;40-59
2495;F;40-59
2496;F;20-39
2497;F;40-59
2498;M;60+
2499;F;40-59
2500;F;20-39
2501;M;40-59
2502;F;20-39
2503;F;40-59
2504;F;40-59
2505;M;<20
2506;M;20-39
2507;F;20-39
2508;F;20-39
2509;F;20-39
2510;F;20-39
2511;M;40-59
2512;M;<20
2513;M;20-39
2514;M;40-59
2515;M;20-39
2516;F;20-39
2517;M;40-59
2518;M;60+
2519;F;40-59
2520;M;<20
2521;M;<20
2522;F;60+
2523;M;40-59
2524;F;40-59
2525;F;40-59
2526;M;20-39
2527;F;20-39
2528;F;40-59
2529;F;60+
2530;F;20-39
2531;F;40-59
2532;F;<20
2533;F;60+
2534;M;20-39
2535;F;40-59
2536;F;20-39
2537;F;40-59
2538;M;40-59
2539;M;20-39
2540;F;40-59
2541;F;60+
2542;M;60+
2543;M;20-39
2544;M;40-59
2545;F;20-39
2546;M;40-59
2547;F;20-39
2548;M;40-59
2549;M;<20
2550;M;20-39
2551;F;20-39
2552;F;20-39
2553;F;<20
2554;F;20-39
2555;M;40-59
2556;F;20-39
2557;M;<20
2558;M;40-59
2559;M;60+
2560;M;60+
2561;F;40-59
2562;F;60+
2563;F;40-59
2564;F;60+
2565;F;60+
2566;M;20-39
2567;M;60+
2568;M;40-59
2569;F;40-59
2570;F;60+
2571;M;20-39
2572;F;20-39
2573;F;40-59
2574;F;40-59
2575;F;60+
2576;F;60+
2577;F;40-59
2578;F;60+
2579;M;20-39
2580;F;60+
2581;M;<20
2582;F;20-39
2583;M;<20
2584;M;40-59
2585;M;20-39
2586;M;<20
2587;M;40-59
2588;M;40-59
2589;M;20-39
2590;M;40-59
2591;F;20-39
2592;F;<20
2593;F;<20
2594;M;40-59
2595;M;40-59
2596;F;40-59
2597;M;40-59
2598;M;40-59
2599;F;40-59
2600;F;60+
2601;M;20-39
2602;F;<20
2603;M;<20
2604;F;40-59
2605;M;20-39
2606;M;20-39
2607;F;60+
2608;M;60+
2609;F;20-39
2610;M;20-39
2611;F;20-39
2612;F;20-39
2613;M;60+
2614;F;40-59
2615;M;<20
2616;M;20-39
2617;M;<20
2618;F;20-39
2619;F;20-39
2620;F;40-59
2621;F;20-39
2622;F;60+
2623;M;<20
2624;F;40-59
2625;F;<20
2626;M;20-39
2627;F;60+
2628;M;40-59
2629;M;20-39
2630;M;20-39
2631;M;40-59
2632;F;60+
2633;F;40-59
2634;F;<20
2635;F;20-39
2636;M;<20
2637;M;<20
2638;M;40-59
2639;F;40-59
2640;M;<20
2641;F;40-59
2642;F;40-59
2643;F;40-59
2644;F;20-39
2645;M;20-39
2646;F;<20
2647;F;20-39
2648;F;20-39
2649;F;20-39
2650;F;20-39
2651;F;20-39
2652;M;60+
2653;F;40-59
2654;F;20-39
2655;M;60+
2656;F;20-39
2657;M;20-39
2658;F;40-59
2659;M;20-39
2660;M;20-39
2661;F;20-39
2662;M;20-39
2663;M;40-59
2664;M;20-39
2665;M;20-39
2666;F;20-39
2667;F;20-39
2668;M;20-39
2669;F;60+
2670;M;40-59
2671;F;20-39
2672;M;40-59
2673;M;<20
2674;M;20-39
2675;F;20-39
2676;F;20-39
2677;M;40-59
2678;F;60+
2679;F;20-39
2680;M;20-39
2681;F;40-59
2682;F;20-39
2683;M;<20
2684;F;60+
2685;M;40-59
2686;F;60+
2687;M;20-39
2688;F;<20
2689;M;20-39
2690;F;60+
2691;F;<20
2692;M;<20
2693;F;<20
2694;F;40-59
2695;F;40-59
2696;M;40-59
2697;F;<20
2698;M;40-59
2699;M;20-39
2700;F;<20
2701;F;20-39
2702;F;20-39
2703;M;20-39
2704;F;60+
2705;F;20-39
2706;M;20-39
2707;F;40-59
2708;M;40-59
2709;M;<20
2710;F;40-59
2711;F;20-39
2712;M;20-39
2713;M;40-59
2714;M;20-39
2715;F;20-39
2716;M;20-39
2717;F;20-39
2718;F;20-39
2719;M;60+
2720;F;20-39
2721;F;60+
2722;F;20-39
2723;M;40-59
2724;M;<20
2725;M;20-39
2726;F;<20
2727;F;<20
2728;M;60+
2729;M;40-59
2730;F;40-59
2731;M;20-39
2732;M;40-59
2733;F;40-59
2734;M;40-59
2735;M;40-59
2736;M;40-59
2737;M;20-39
2738;F;60+
2739;F;<20
2740;F;20-39
2741;M;60+
2742;F;20-39
2743;M;<20
2744;F;20-39
2745;M;20-39
2746;F;60+
2747;M;40-59
2748;M;20-39
2749;F;60+
2750;M;40-59
2751;M;60+
2752;F;20-39
2753;F;20-39
2754;M;<20
2755;F;<20
2756;F;40-59
2757;F;<20
2758;F;20-39
2759;F;40-59
2760;F;<20
2761;F;20-39
2762;F;40-59
2763;M;60+
2764;M;20-39
2765;M;60+
2766;F;60+
2767;M;40-59
2768;F;20-39
2769;F;40-59
2770;F;40-59
2771;M;20-39
2772;F;60+
2773;F;60+
2774;M;20-39
2775;F;40-59
2776;M;20-39
2777;F;40-59
2778;F;40-59
2779;M;<20
2780;M;<20
2781;M;20-39
2782;M;60+
2783;F;20-39
2784;M;60+
2785;M;20-39
2786;F;20-39
2787;F;60+
2788;F;20-39
2789;F;20-39
2790;M;<20
2791;F;<20
2792;M;<20
2793;F;20-39
2794;F;40-59
2795;F;20-39
2796;F;<20
2797;F;20-39
2798;M;20-39
2799;F;60+
2800;F;20-39
2801;F;<20
2802;M;40-59
2803;M;60+
2804;F;40-59
2805;M;40-59
2806;M;60+
2807;M;40-59
2808;F;60+
2809;M;<20
2810;M;40-59
2811;M;60+
2812;F;60+
2813;F;20-39
2814;M;40-59
2815;M;20-39
2816;F;40-59
2817;M;20-39
2818;F;40-59
2819;M;40-59
2820;F;20-39
2821;M;20-39
2822;F;20-39
2823;M;40-59
2824;F;40-59
2825;F;40-59
2826;F;<20
2827;M;40-59
2828;M;40-59
2829;F;<20
2830;F;20-39
2831;M;20-39
2832;M;20-39
2833;M;<20
2834;F;20-39
2835;F;<20
2836;F;<20
2837;F;20-39
2838;M;40-59
2839;M;20-39
2840;M;20-39
2841;F;40-59
2842;M;20-39
2843;M;<20
2844;M;20-39
2845;M;20-39
2846;F;40-59
2847;M;20-39
2848;M;20-39
2849;F;20-39
2850;M;60+
2851;M;20-39
2852;M;20-39
2853;F;20-39
2854;M;40-59
2855;F;40-59
2856;F;40-59
2857;F;20-39
2858;M;20-39
2859;F;40-59
2860;M;20-39
2861;M;60+
2862;F;20-39
2863;M;20-39
2864;M;20-39
2865;M;20-39
2866;M;60+
2867;M;<20
2868;F;40-59
2869;F;40-59
2870;M;60+
2871;F;40-59
2872;M;60+
2873;M;60+
2874;M;20-39
2875;M;60+
2876;M;60+
2877;M;20-39
2878;M;40-59
2879;F;20-39
2880;M;40-59
2881;M;<20
2882;M;40-59
2883;F;20-39
2884;M;40-59
2885;F;<20
2886;M;40-59
2887;M;20-39
2888;F;40-59
2889;M;20-39
2890;M;<20
2891;M;20-39
2892;F;60+
2893;F;20-39
2894;F;40-59
2895;F;<20
2896;M;40-59
2897;F;20-39
2898;M;20-39
2899;F;20-39
2900;M;<20
2901;M;20-39
2902;F;20-39
2903;M;20-39
2904;F;60+
2905;M;20-39
2906;F;60+
2907;F;20-39
2908;M;<20
2909;F;20-39
2910;F;20-39
2911;F;20-39
2912;M;60+
2913;F;40-59
2914;F;40-59
2915;M;20-39
2916;M;20-39
2917;M;40-59
2918;F;<20
2919;M;<20
2920;F;20-39
2921;F;20-39
2922;M;40-59
2923;M;<20
2924;F;<20
2925;M;60+
2926;F;60+
2927;F;20-39
2928;F;20-39
2929;M;40-59
2930;F;<20
2931;F;20-39
2932;M;<20
2933;F;20-39
2934;F;60+
2935;F;40-59
2936;M;60+
2937;M;40-59
2938;M;40-59
2939;M;40-59
2940;M;40-59
2941;F;20-39
2942;M;20-39
2943;F;20-39
2944;M;20-39
2945;M;20-39
2946;M;<20
2947;M;40-59
2948;F;20-39
2949;F;20-39
2950;F;20-39
2951;M;<20
2952;F;60+
2953;M;20-39
2954;F;20-39
2955;F;<20
2956;M;60+
2957;M;40-59
2958;M;20-39
2959;M;20-39
2960;F;40-59
2961;F;60+
2962;F;20-39
2963;M;<20
2964;F;<20
2965;M;<20
2966;F;40-59
2967;M;60+
2968;M;60+
2969;F;40-59
2970;M;<20
2971;M;60+
2972;F;20-39
2973;M;20-39
2974;F;40-59
2975;F;<20
2976;F;40-59
2977;F;60+
2978;F;40-59
2979;F;40-59
2980;F;20-39
2981;F;<20
2982;M;40-59
2983;M;40-59
2984;F;60+
2985;M;<20
2986;M;20-39
2987;M;20-39
2988;F;40-59
2989;M;40-59
2990;F;60+
2991;F;20-39
2992;F;20-39
2993;M;<20
2994;F;20-39
2995;F;20-39
2996;M;40-59
2997;F;20-39
2998;M;20-39
2999;F;40-59
3000;M;40-59
3001;F;20-39
3002;F;20-39
3003;M;40-59
3004;F;40-59
3005;M;40-59
3006;F;20-39
3007;F;20-39
3008;M;60+
3009;M;20-39
3010;F;20-39
3011;M;60+
3012;F;<20
3013;F;40-59
3014;F;60+
3015;M;<20
3016;F;40-59
3017;F;20-39
3018;M;60+
3019;M;60+
3020;M;60+
3021;M;<20
3022;F;40-59
3023;M;60+
3024;F;40-59
3025;M;40-59
3026;M;<20
3027;M;60+
3028;F;<20
3029;F;20-39
3030;M;60+
3031;F;60+
3032;M;60+
3033;M;20-39
3034;M;20-39
3035;F;20-39
3036;F;<20
3037;F;60+
3038;M;20-39
3039;M;20-39
3040;F;<20
3041;M;20-39
3042;F;60+
3043;F;40-59
3044;M;<20
3045;F;<20
3046;F;20-39
3047;M;<20
3048;F;60+
3049;F;40-59
3050;M;<20
3051;F;40-59
3052;M;20-39
3053;F;20-39
3054;F;40-59
3055;F;<20
3056;M;20-39
3057;F;60+
3058;M;60+
3059;M;20-39
3060;M;40-59
3061;F;20-39
3062;M;20-39
3063;M;20-39
3064;F;40-59
3065;M;20-39
3066;M;60+
3067;M;60+
3068;M;20-39
3069;F;40-59
3070;M;<20
3071;M;40-59
3072;F;20-39
3073;F;<20
3074;F;40-59
3075;F;20-39
3076;F;20-39
3077;M;20-39
3078;F;<20
3079;F;<20
3080;M;40-59
3081;M;40-59
3082;M;<20
3083;F;20-39
3084;F;40-59
3085;F;40-59
3086;M;40-59
3087;M;20-39
3088;M;20-39
3089;F;40-59
3090;F;20-39
3091;F;<20
3092;F;<20
3093;F;40-59
3094;F;20-39
3095;M;40-59
3096;M;40-59
3097;M;20-39
3098;M;40-59
3099;M;40-59
3100;M;<20
3101;F;40-59
3102;M;20-39
3103;F;20-39
3104;F;40-59
3105;F;40-59
3106;F;20-39
3107;M;60+
3108;F;40-59
3109;M;40-59
3110;F;<20
3111;M;20-39
3112;M;20-39
3113;F;40-59
3114;F;20-39
3115;M;40-59
3116;F;20-39
3117;M;40-59
3118;F;40-59
3119;M;40-59
3120;M;40-59
3121;M;60+
3122;M;<20
3123;M;40-59
3124;M;60+
3125;M;40-59
3126;M;20-39
3127;F;60+
3128;M;20-39
3129;F;20-39
3130;F;20-39
3131;M;20-39
3132;F;20-39
3133;M;20-39
3134;M;60+
3135;F;20-39
3136;F;20-39
3137;F;60+
3138;M;40-59
3139;F;20-39
3140;M;<20
3141;M;40-59
3142;M;60+
3143;F;20-39
3144;M;20-39
3145;F;40-59
3146;F;40-59
3147;F;40-59
3148;F;60+
3149;F;40-59
3150;M;40-59
3151;M;40-59
3152;F;40-59
3153;M;20-39
3154;M;20-39
3155;M;40-59
3156;M;40-59
3157;M;20-39
3158;M;<20
3159;F;40-59
3160;M;40-59
3161;F;20-39
3162;F;20-39
3163;M;20-39
3164;F;60+
3165;F;60+
3166;F;20-39
3167;M;20-39
3168;M;40-59
3169;M;20-39
3170;F;60+
3171;F;<20
3172;F;<20
3173;F;40-59
3174;F;20-39
3175;F;40-59
3176;M;40-59
3177;F;<20
3178;M;20-39
3179;M;40-59
3180;F;40-59
3181;F;20-39
3182;M;20-39
3183;M;40-59
3184;M;20-39
3185;M;40-59
3186;M;20-39
3187;F;20-39
3188;F;40-59
3189;M;20-39
3190;M;20-39
3191;M;20-39
3192;M;60+
3193;F;40-59
3194;F;20-39
3195;F;40-59
3196;M;20-39
3197;F;20-39
3198;M;20-39
3199;M;20-39
3200;F;20-39
3201;F;60+
3202;F;20-39
3203;F;40-59
3204;F;40-59
3205;F;20-39
3206;M;<20
3207;M;20-39
3208;M;20-39
3209;M;40-59
3210;M;60+
3211;M;60+
3212;F;<20
3213;F;20-39
3214;F;<20
3215;M;60+
3216;F;20-39
3217;M;20-39
3218;M;40-59
3219;M;20-39
3220;M;20-39
3221;M;40-59
3222;F;<20
3223;F;<20
3224;F;<20
3225;M;20-39
3226;F;60+
3227;F;20-39
3228;M;40-59
3229;F;20-39
3230;M;40-59
3231;M;60+
3232;M;20-39
3233;F;60+
3234;M;40-59
3235;M;40-59
3236;M;20-39
3237;F;40-59
3238;M;20-39
3239;M;60+
3240;M;60+
3241;F;20-39
3242;F;60+
3243;F;60+
3244;M;40-59
3245;M;<20
3246;F;<20
3247;M;<20
3248;F;<20
3249;F;60+
3250;M;20-39
3251;F;40-59
3252;F;40-59
3253;M;40-59
3254;M;20-39
3255;M;40-59
3256;F;40-59
3257;M;40-59
3258;M;20-39
3259;F;40-59
3260;M;<20
3261;M;40-59
3262;F;20-39
3263;M;20-39
3264;M;40-59
3265;M;20-39
3266;M;60+
3267;M;60+
3268;F;20-39
3269;F;20-39
3270;M;<20
3271;F;60+
3272;F;40-59
3273;F;<20
3274;F;20-39
3275;F;<20
3276;F;40-59
3277;M;20-39
3278;F;<20
3279;M;40-59
3280;M;20-39
3281;F;20-39
3282;M;40-59
3283;M;60+
3284;M;20-39
3285;M;60+
3286;F;20-39
3287;F;60+
3288;M;20-39
3289;M;40-59
3290;M;<20
3291;M;60+
3292;F;60+
3293;F;20-39
3294;M;20-39
3295;M;40-59
3296;F;20-39
3297;F;40-59
3298;F;40-59
3299;M;20-39
3300;M;<20
3301;F;60+
3302;M;<20
3303;M;40-59
3304;F;<20
3305;F;<20
3306;M;<20
3307;M;20-39
3308;M;40-59
3309;F;20-39
3310;M;40-59
3311;F;40-59
3312;F;<20
3313;F;<20
3314;F;40-59
3315;M;40-59
3316;M;20-39
3317;F;20-39
3318;M;40-59
3319;M;<20
3320;M;40-59
3321;M;<20
3322;M;40-59
3323;F;20-39
3324;F;40-59
3325;F;<20
3326;F;20-39
3327;M;<20
3328;F;40-59
3329;F;<20
3330;M;<20
3331;F;40-59
3332;M;<20
3333;M;20-39
3334;M;40-59
3335;M;40-59
3336;M;60+
3337;F;20-39
3338;F;20-39
3339;M;40-59
3340;F;<20
3341;M;40-59
3342;F;<20
3343;M;60+
3344;M;40-59
3345;F;20-39
3346;F;20-39
3347;F;20-39
3348;F;20-39
3349;F;40-59
3350;M;20-39
3351;M;20-39
3352;M;20-39
3353;M;40-59
3354;M;20-39
3355;M;20-39
3356;M;60+
3357;F;20-39
3358;M;20-39
3359;F;60+
3360;F;20-39
3361;M;60+
3362;M;40-59
3363;F;40-59
3364;F;20-39
3365;M;<20
3366;M;20-39
3367;F;<20
3368;F;<20
3369;M;40-59
3370;M;40-59
3371;F;20-39
3372;M;40-59
3373;F;60+
3374;M;40-59
3375;F;40-59
3376;M;40-59
3377;M;20-39
3378;F;20-39
3379;M;60+
3380;F;40-59
3381;M;40-59
3382;F;60+
3383;F;20-39
3384;F;20-39
3385;M;40-59
3386;F;<20
3387;F;40-59
3388;F;40-59
3389;M;40-59
3390;M;20-39
3391;M;40-59
3392;F;<20
3393;F;60+
3394;M;<20
3395;F;60+
3396;F;20-39
3397;M;20-39
3398;M;20-39
3399;F;20-39
3400;F;20-39
3401;M;60+
3402;F;40-59
3403;F;<20
3404;F;40-59
3405;F;60+
3406;F;40-59
3407;F;20-39
3408;M;<20
3409;F;60+
3410;M;20-39
3411;F;20-39
3412;M;40-59
3413;F;20-39
3414;M;40-59
3415;M;<20
3416;M;40-59
3417;F;60+
3418;F;60+
3419;M;60+
3420;F;60+
3421;F;20-39
3422;M;60+
3423;F;60+
3424;M;20-39
3425;M;20-39
3426;F;<20
3427;M;40-59
3428;F;40-59
3429;F;20-39
3430;F;20-39
3431;F;40-59
3432;F;<20
3433;F;60+
3434;M;20-39
3435;M;<20
3436;F;<20
3437;M;60+
3438;M;60+
3439;M;<20
3440;F;<20
3441;M;20-39
3442;M;20-39
3443;M;40-59
3444;M;<20
3445;F;20-39
3446;M;20-39
3447;F;20-39
3448;F;20-39
3449;M;<20
3450;F;20-39
3451;F;<20
3452;F;<20
3453;M;60+
3454;M;20-39
3455;F;20-39
3456;F;<20
3457;F;40-59
3458;F;60+
3459;M;40-59
3460;F;40-59
3461;M;40-59
3462;F;20-39
3463;M;60+
3464;M;40-59
3465;F;<20
3466;F;20-39
3467;F;20-39
3468;M;<20
3469;M;60+
3470;F;<20
3471;M;40-59
3472;M;60+
3473;F;20-39
3474;M;20-39
3475;F;40-59
3476;M;40-59
3477;F;20-39
3478;F;20-39
3479;F;40-59
3480;F;60+
3481;M;20-39
3482;F;20-39
3483;F;60+
3484;F;20-39
3485;F;<20
3486;F;40-59
3487;F;<20
3488;F;20-39
3489;M;40-59
3490;F;40-59
3491;F;20-39
3492;M;20-39
3493;F;40-59
3494;F;40-59
3495;M;40-59
3496;F;40-59
3497;F;40-59
3498;F;60+
3499;M;40-59
3500;F;<20
3501;M;60+
3502;F;60+
3503;M;20-39
3504;F;<20
3505;F;40-59
3506;F;20-39
3507;F;40-59
3508;F;20-39
3509;F;<20
3510;M;20-39
3511;F;60+
3512;F;<20
3513;F;40-59
3514;F;20-39
3515;F;20-39
3516;F;20-39
3517;F;20-39
3518;M;40-59
3519;F;40-59
3520;F;<20
3521;F;20-39
3522;F;40-59
3523;M;40-59
3524;M;20-39
3525;F;40-59
3526;M;<20
3527;M;<20
3528;M;40-59
3529;F;40-59
3530;M;40-59
3531;M;20-39
3532;M;20-39
3533;M;40-59
3534;M;20-39
3535;F;20-39
3536;F;40-59
3537;M;20-39
3538;F;20-39
3539;M;20-39
3540;M;60+
3541;F;20-39
3542;F;<20
3543;F;<20
3544;M;<20
3545;M;20-39
3546;M;40-59
3547;M;<20
3548;F;20-39
3549;M;<20
3550;F;20-39
3551;F;<20
3552;F;40-59
3553;M;40-59
3554;F;40-59
3555;M;20-39
3556;F;60+
3557;F;40-59
3558;F;<20
3559;F;20-39
3560;F;40-59
3561;F;20-39
3562;F;20-39
3563;F;40-59
3564;M;<20
3565;F;60+
3566;F;20-39
3567;F;<20
3568;M;<20
3569;F;20-39
3570;M;60+
3571;F;40-59
3572;M;60+
3573;M;20-39
3574;M;20-39
3575;M;20-39
3576;M;<20
3577;F;60+
3578;M;20-39
3579;F;20-39
3580;M;20-39
3581;F;40-59
3582;F;20-39
3583;M;40-59
3584;F;40-59
3585;F;60+
3586;F;<20
3587;M;20-39
3588;M;20-39
3589;F;60+
3590;M;60+
3591;F;40-59
3592;M;20-39
3593;F;20-39
3594;M;40-59
3595;M;20-39
3596;F;20-39
3597;F;40-59
3598;F;20-39
3599;F;20-39
3600;M;<20
3601;M;20-39
3602;M;40-59
3603;F;20-39
3604;M;<20
3605;F;<20
3606;M;<20
3607;M;40-59
3608;M;40-59
3609;M;20-39
3610;M;20-39
3611;F;<20
3612;M;20-39
3613;F;<20
3614;F;60+
3615;F;<20
3616;F;20-39
3617;M;<20
3618;M;40-59
3619;M;20-39
3620;F;60+
3621;F;<20
3622;M;40-59
3623;M;40-59
3624;F;20-39
3625;F;20-39
3626;F;20-39
3627;F;40-59
3628;F;60+
3629;F;20-39
3630;M;20-39
3631;M;20-39
3632;F;<20
3633;F;40-59
3634;M;20-39
3635;F;20-39
3636;M;60+
3637;F;40-59
3638;M;40-59
3639;F;<20
3640;F;60+
3641;M;40-59
3642;M;20-39
3643;F;<20
3644;M;60+
3645;M;20-39
3646;F;40-59
3647;M;40-59
3648;M;40-59
3649;M;40-59
3650;F;60+
3651;M;20-39
3652;M;20-39
3653;M;40-59
3654;M;20-39
3655;M;40-59
3656;M;40-59
3657;M;20-39
3658;M;40-59
3659;F;20-39
3660;M;60+
3661;M;<20
3662;F;40-59
3663;F;60+
3664;F;20-39
3665;M;20-39
3666;M;20-39
3667;M;20-39
3668;M;20-39
3669;M;<20
3670;F;60+
3671;M;20-39
3672;F;20-39
3673;M;40-59
3674;M;<20
3675;F;<20
3676;F;60+
3677;M;40-59
3678;F;<20
3679;M;40-59
3680;M;20-39
3681;F;<20
3682;M;40-59
3683;M;20-39
3684;M;20-39
3685;M;60+
3686;M;20-39
3687;M;20-39
3688;F;20-39
3689;F;40-59
3690;M;40-59
3691;M;60+
3692;F;20-39
3693;M;40-59
3694;F;40-59
3695;F;20-39
3696;M;<20
3697;M;40-59
3698;M;20-39
3699;M;40-59
3700;M;20-39
3701;F;<20
3702;M;60+
3703;F;40-59
3704;F;20-39
3705;M;40-59
3706;M;20-39
3707;M;40-59
3708;F;<20
3709;M;20-39
3710;F;20-39
3711;F;20-39
3712;F;20-39
3713;F;<20
3714;F;60+
3715;F;<20
3716;F;<20
3717;F;20-39
3718;F;40-59
3719;F;20-39
3720;M;20-39
3721;F;40-59
3722;F;<20
3723;F;60+
3724;M;20-39
3725;F;40-59
3726;F;<20
3727;F;40-59
3728;M;60+
3729;F;<20
3730;F;<20
3731;F;20-39
3732;F;<20
3733;F;60+
3734;F;40-59
3735;M;40-59
3736;F;60+
3737;M;40-59
3738;F;40-59
3739;F;20-39
3740;M;20-39
3741;M;20-39
3742;M;20-39
3743;F;20-39
3744;F;<20
3745;M;20-39
3746;F;20-39
3747;M;20-39
3748;F;20-39
3749;M;20-39
3750;M;20-39
3751;M;40-59
3752;F;40-59
3753;M;20-39
3754;F;<20
3755;M;20-39
3756;M;<20
3757;M;20-39
3758;M;60+
3759;F;20-39
3760;M;20-39
3761;F;40-59
3762;M;20-39
3763;M;<20
3764;M;<20
3765;M;60+
3766;F;<20
3767;F;40-59
3768;M;40-59
3769;F;20-39
3770;F;40-59
3771;F;20-39
3772;F;20-39
3773;F;20-39
3774;F;60+
3775;F;20-39
3776;M;<20
3777;F;60+
3778;M;<20
3779;F;60+
3780;F;40-59
3781;M;40-59
3782;F;40-59
3783;F;40-59
3784;M;<20
3785;F;60+
3786;F;60+
3787;F;60+
3788;M;40-59
3789;M;20-39
3790;F;20-39
3791;M;<20
3792;M;20-39
3793;M;40-59
3794;M;40-59
3795;F;20-39
3796;F;20-39
3797;F;40-59
3798;F;20-39
3799;M;60+
3800;M;40-59
3801;M;<20
3802;M;<20
3803;M;40-59
3804;M;20-39
3805;M;40-59
3806;M;20-39
3807;F;<20
3808;F;20-39
3809;F;40-59
3810;F;60+
3811;F;60+
3812;M;20-39
3813;F;40-59
3814;M;<20
3815;M;40-59
3816;M;60+
3817;M;20-39
3818;M;60+
3819;F;20-39
3820;F;<20
3821;F;20-39
3822;F;60+
3823;F;20-39
3824;M;40-59
3825;F;20-39
3826;F;40-59
3827;M;20-39
3828;M;20-39
3829;F;40-59
3830;F;40-59
3831;M;20-39
3832;F;20-39
3833;M;<20
3834;M;60+
3835;M;40-59
3836;M;40-59
3837;F;40-59
3838;M;40-59
3839;F;<20
3840;M;20-39
3841;F;40-59
3842;F;<20
3843;F;<20
3844;F;40-59
3845;F;60+
3846;F;40-59
3847;F;<20
3848;F;60+
3849;M;<20
3850;M;20-39
3851;M;60+
3852;M;40-59
3853;M;60+
3854;M;40-59
3855;F;40-59
3856;M;20-39
3857;F;20-39
3858;M;60+
3859;F;60+
3860;M;20-39
3861;M;20-39
3862;M;20-39
3863;F;20-39
3864;M;60+
3865;F;<20
3866;M;20-39
3867;F;60+
3868;M;20-39
3869;F;20-39
3870;M;20-39
3871;M;<20
3872;M;20-39
3873;M;<20
3874;M;<20
3875;F;<20
3876;M;20-39
3877;M;<20
3878;F;60+
3879;M;<20
3880;M;20-39
3881;F;60+
3882;F;<20
3883;F;20-39
3884;M;60+
3885;F;20-39
3886;M;20-39
3887;F;40-59
3888;F;40-59
3889;F;20-39
3890;M;<20
3891;M;<20
3892;F;40-59
3893;F;20-39
3894;F;<20
3895;F;20-39
3896;F;60+
3897;M;<20
3898;M;<20
3899;M;20-39
3900;M;40-59
3901;M;20-39
3902;F;60+
3903;F;<20
3904;F;20-39
3905;M;20-39
3906;F;20-39
3907;F;20-39
3908;F;40-59
3909;F;20-39
3910;F;40-59
3911;F;<20
3912;M;20-39
3913;F;20-39
3914;M;20-39
3915;M;<20
3916;M;60+
3917;F;60+
3918;F;40-59
3919;F;60+
3920;M;<20
3921;M;20-39
3922;F;20-39
3923;M;60+
3924;F;20-39
3925;M;20-39
3926;F;40-59
3927;F;<20
3928;F;40-59
3929;M;20-39
3930;F;40-59
3931;F;60+
3932;F;40-59
3933;F;20-39
3934;M;<20
3935;F;<20
3936;M;<20
3937;M;40-59
3938;F;20-39
3939;F;20-39
3940;M;20-39
3941;M;60+
3942;M;<20
3943;M;20-39
3944;F;20-39
3945;M;<20
3946;F;60+
3947;M;<20
3948;M;40-59
3949;F;40-59
3950;M;40-59
3951;M;40-59
3952;F;40-59
3953;F;20-39
3954;F;20-39
3955;M;40-59
3956;F;40-59
3957;F;20-39
3958;F;20-39
3959;M;20-39
3960;M;20-39
3961;M;<20
3962;M;20-39
3963;F;<20
3964;M;40-59
3965;M;40-59
3966;M;20-39
3967;F;40-59
3968;M;<20
3969;M;<20
3970;M;40-59
3971;F;40-59
3972;M;40-59
3973;F;40-59
3974;M;40-59
3975;M;40-59
3976;M;40-59
3977;M;40-59
3978;M;<20
3979;M;<20
3980;F;20-39
3981;M;20-39
3982;M;40-59
3983;F;20-39
3984;M;20-39
3985;M;40-59
3986;M;20-39
3987;M;40-59
3988;M;20-39
3989;F;20-39
3990;F;20-39
3991;F;20-39
3992;M;<20
3993;M;20-39
3994;M;20-39
3995;M;20-39
3996;M;40-59
3997;M;<20
3998;M;20-39
3999;M;<20
4000;M;60+
4001;F;40-59
4002;M;60+
4003;F;60+
4004;M;20-39
4005;F;40-59
4006;M;20-39
4007;M;60+
4008;M;20-39
4009;M;20-39
4010;F;60+
4011;M;40-59
4012;M;60+
4013;F;<20
4014;M;20-39
4015;F;20-39
4016;F;20-39
4017;M;20-39
4018;M;20-39
4019;M;40-59
4020;F;20-39
4021;M;40-59
4022;M;60+
4023;M;40-59
4024;F;20-39
4025;F;20-39
4026;F;<20
4027;F;40-59
4028;F;20-39
4029;M;<20
4030;F;60+
4031;F;40-59
4032;M;60+
4033;F;20-39
4034;F;60+
4035;M;20-39
4036;M;20-39
4037;M;60+
4038;F;60+
4039;M;20-39
4040;F;<20
4041;M;20-39
4042;F;40-59
4043;M;60+
4044;F;20-39
4045;M;<20
4046;M;40-59
4047;M;40-59
4048;M;20-39
4049;M;40-59
4050;F;60+
4051;F;20-39
4052;F;40-59
4053;F;40-59
4054;M;20-39
4055;F;60+
4056;F;40-59
4057;M;20-39
4058;F;<20
4059;M;40-59
4060;F;<20
4061;F;<20
4062;F;20-39
4063;M;40-59
4064;F;60+
4065;M;40-59
4066;F;60+
4067;M;20-39
4068;F;20-39
4069;F;60+
4070;M;20-39
4071;M;40-59
4072;F;20-39
4073;M;20-39
4074;M;40-59
4075;M;20-39
4076;M;<20
4077;F;20-39
4078;F;20-39
4079;M;20-39
4080;M;60+
4081;M;20-39
4082;M;60+
4083;F;20-39
4084;M;<20
4085;F;20-39
4086;F;60+
4087;F;40-59
4088;F;60+
4089;M;20-39
4090;M;40-59
4091;M;40-59
4092;F;60+
4093;F;<20
4094;M;60+
4095;M;20-39
4096;M;40-59
4097;F;20-39
4098;F;20-39
4099;F;20-39
4100;F;40-59
4101;M;20-39
4102;F;20-39
4103;F;20-39
4104;M;40-59
4105;F;20-39
4106;M;40-59
4107;F;20-39
4108;F;40-59
4109;F;40-59
4110;F;40-59
4111;M;40-59
4112;F;20-39
4113;F;20-39
4114;F;40-59
4115;F;<20
4116;M;20-39
4117;F;40-59
4118;F;20-39
4119;M;20-39
4120;M;60+
4121;F;20-39
4122;F;<20
4123;F;<20
4124;M;20-39
4125;F;40-59
4126;M;40-59
4127;F;40-59
4128;M;20-39
4129;F;20-39
4130;F;<20
4131;F;40-59
4132;F;40-59
4133;M;<20
4134;F;40-59
4135;F;40-59
4136;M;20-39
4137;F;40-59
4138;F;40-59
4139;F;<20
4140;F;20-39
4141;M;40-59
4142;F;60+
4143;M;40-59
4144;M;40-59
4145;M;40-59
4146;M;20-39
4147;M;<20
4148;F;20-39
4149;M;60+
4150;M;40-59
4151;M;60+
4152;F;<20
4153;M;20-39
4154;M;40-59
4155;F;20-39
4156;M;20-39
4157;F;40-59
4158;M;40-59
4159;M;40-59
4160;M;20-39
4161;F;20-39
4162;M;<20
4163;F;<20
4164;M;20-39
4165;F;20-39
4166;M;60+
4167;M;20-39
4168;M;<20
4169;F;<20
4170;M;40-59
4171;F;20-39
4172;F;20-39
4173;F;20-39
4174;M;20-39
4175;F;40-59
4176;F;20-39
4177;F;<20
4178;F;40-59
4179;F;20-39
4180;F;40-59
4181;F;<20
4182;M;40-59
4183;F;20-39
4184;M;20-39
4185;F;20-39
4186;F;60+
4187;M;20-39
4188;M;60+
4189;M;60+
4190;M;20-39
4191;M;20-39
4192;F;20-39
4193;F;60+
4194;F;40-59
4195;M;20-39
4196;F;<20
4197;M;60+
4198;F;<20
4199;M;<20
4200;M;20-39
4201;M;20-39
4202;F;60+
4203;M;40-59
4204;F;20-39
4205;F;20-39
4206;F;40-59
4207;M;20-39
4208;M;20-39
4209;M;20-39
4210;M;40-59
4211;F;60+
4212;M;40-59
4213;M;<20
4214;M;40-59
4215;F;20-39
4216;M;60+
4217;F;20-39
4218;M;20-39
4219;F;20-39
4220;F;20-39
4221;M;20-39
4222;M;40-59
4223;M;40-59
4224;M;40-59
4225;M;20-39
4226;F;<20
4227;F;20-39
4228;M;20-39
4229;F;20-39
4230;M;60+
4231;F;60+
4232;M;<20
4233;F;40-59
4234;F;40-59
4235;M;20-39
4236;M;40-59
4237;M;<20
4238;F;<20
4239;F;60+
4240;F;40-59
4241;F;20-39
4242;F;20-39
4243;M;60+
4244;F;20-39
4245;F;60+
4246;M;60+
4247;F;20-39
4248;M;40-59
4249;M;40-59
4250;F;40-59
4251;M;20-39
4252;M;<20
4253;M;20-39
4254;F;40-59
4255;F;40-59
4256;M;40-59
4257;M;40-59
4258;M;<20
4259;F;<20
4260;M;40-59
4261;F;20-39
4262;F;40-59
4263;M;<20
4264;F;20-39
4265;F;60+
4266;F;20-39
4267;M;<20
4268;F;40-59
4269;F;40-59
4270;F;60+
4271;F;60+
4272;M;40-59
4273;F;<20
4274;F;20-39
4275;M;60+
4276;M;20-39
4277;M;60+
4278;F;40-59
4279;M;<20
4280;F;20-39
4281;M;40-59
4282;M;<20
4283;F;20-39
4284;M;40-59
4285;F;<20
4286;M;20-39
4287;F;40-59
4288;M;40-59
4289;F;20-39
4290;F;60+
4291;M;60+
4292;M;20-39
4293;M;<20
4294;F;40-59
4295;F;20-39
4296;M;60+
4297;M;40-59
4298;F;20-39
4299;F;20-39
4300;F;20-39
4301;M;60+
4302;F;20-39
4303;F;60+
4304;M;<20
4305;M;40-59
4306;M;60+
4307;F;20-39
4308;M;<20
4309;F;40-59
4310;F;60+
4311;F;20-39
4312;F;20-39
4313;M;40-59
4314;F;20-39
4315;M;40-59
4316;F;20-39
4317;F;20-39
4318;F;40-59
4319;F;20-39
4320;M;60+
4321;F;40-59
4322;F;20-39
4323;F;20-39
4324;M;20-39
4325;M;40-59
4326;F;40-59
4327;M;40-59
4328;F;20-39
4329;F;20-39
4330;F;<20
4331;M;40-59
4332;F;20-39
4333;M;20-39
4334;M;20-39
4335;F;20-39
4336;M;40-59
4337;M;40-59
4338;M;60+
4339;F;<20
4340;F;40-59
4341;M;<20
4342;M;40-59
4343;F;40-59
4344;M;20-39
4345;F;40-59
4346;F;20-39
4347;F;20-39
4348;F;20-39
4349;F;<20
4350;F;60+
4351;M;40-59
4352;M;40-59
4353;F;60+
4354;M;40-59
4355;F;20-39
4356;F;<20
4357;F;20-39
4358;M;60+
4359;M;60+
4360;F;40-59
4361;M;20-39
4362;F;20-39
4363;F;60+
4364;F;<20
4365;F;40-59
4366;M;20-39
4367;M;20-39
4368;F;40-59
4369;M;60+
4370;M;40-59
4371;M;20-39
4372;M;20-39
4373;F;60+
4374;M;40-59
4375;F;20-39
4376;M;40-59
4377;F;20-39
4378;M;<20
4379;F;60+
4380;M;40-59
4381;F;<20
4382;M;20-39
4383;M;60+
4384;M;40-59
4385;F;40-59
4386;F;<20
4387;M;60+
4388;M;60+
4389;F;20-39
4390;F;20-39
4391;M;40-59
4392;F;40-59
4393;F;40-59
4394;F;60+
4395;M;40-59
4396;M;20-39
4397;M;20-39
4398;F;40-59
4399;M;20-39
4400;F;20-39
4401;F;40-59
4402;F;20-39
4403;M;40-59
4404;M;<20
4405;M;20-39
4406;F;20-39
4407;F;40-59
4408;M;40-59
4409;F;20-39
4410;M;20-39
4411;M;<20
4412;M;40-59
4413;F;60+
4414;M;40-59
4415;M;20-39
4416;F;40-59
4417;F;20-39
4418;M;<20
4419;M;20-39
4420;F;<20
4421;M;20-39
4422;M;40-59
4423;F;20-39
4424;M;40-59
4425;F;60+
4426;M;40-59
4427;M;20-39
4428;M;40-59
4429;M;<20
4430;M;20-39
4431;M;20-39
4432;F;40-59
4433;F;40-59
4434;M;60+
4435;F;40-59
4436;F;20-39
4437;F;40-59
4438;M;60+
4439;M;20-39
4440;M;60+
4441;M;60+
4442;M;20-39
4443;F;<20
4444;F;20-39
4445;M;40-59
4446;M;<20
4447;M;20-39
4448;M;40-59
4449;F;60+
4450;M;60+
4451;F;40-59
4452;F;20-39
4453;F;<20
4454;F;40-59
4455;F;20-39
4456;M;20-39
4457;M;60+
4458;F;20-39
4459;M;40-59
4460;F;40-59
4461;M;40-59
4462;M;20-39
4463;M;20-39
4464;F;20-39
4465;M;40-59
4466;M;20-39
4467;M;20-39
4468;F;40-59
4469;F;<20
4470;M;20-39
4471;F;20-39
4472;M;20-39
4473;F;<20
4474;M;20-39
4475;M;60+
4476;F;60+
4477;F;40-59
4478;M;40-59
4479;F;40-59
4480;F;60+
4481;M;20-39
4482;F;<20
4483;F;40-59
4484;M;60+
4485;F;20-39
4486;M;20-39
4487;F;20-39
4488;M;20-39
4489;M;40-59
4490;F;20-39
4491;F;60+
4492;F;40-59
4493;F;<20
4494;M;40-59
4495;M;40-59
4496;M;20-39
4497;M;20-39
4498;M;40-59
4499;F;20-39
4500;F;<20
4501;M;20-39
4502;M;20-39
4503;F;40-59
4504;M;20-39
4505;M;40-59
4506;M;20-39
4507;M;40-59
4508;M;20-39
4509;F;60+
4510;M;60+
4511;F;20-39
4512;F;40-59
4513;F;20-39
4514;M;40-59
4515;M;40-59
4516;M;20-39
4517;M;20-39
4518;M;20-39
4519;F;40-59
4520;M;40-59
4521;M;<20
4522;M;20-39
4523;F;20-39
4524;F;40-59
4525;F;<20
4526;F;20-39
4527;F;60+
4528;F;20-39
4529;M;40-59
4530;F;20-39
4531;F;20-39
4532;M;40-59
4533;F;20-39
4534;M;20-39
4535;F;60+
4536;M;60+
4537;F;40-59
4538;F;<20
4539;M;<20
4540;M;20-39
4541;M;60+
4542;M;40-59
4543;F;20-39
4544;M;60+
4545;M;<20
4546;M;20-39
4547;F;20-39
4548;M;20-39
4549;F;60+
4550;M;60+
4551;M;<20
4552;F;20-39
4553;M;40-59
4554;F;<20
4555;M;20-39
4556;F;40-59
4557;F;20-39
4558;F;20-39
4559;M;20-39
4560;F;60+
4561;F;20-39
4562;M;40-59
4563;M;20-39
4564;F;40-59
4565;M;<20
4566;F;<20
4567;F;40-59
4568;M;40-59
4569;F;20-39
4570;F;20-39
4571;M;60+
4572;F;<20
4573;M;20-39
4574;M;20-39
4575;F;20-39
4576;M;40-59
4577;F;40-59
4578;M;20-39
4579;M;40-59
4580;M;20-39
4581;F;40-59
4582;F;<20
4583;F;20-39
4584;F;40-59
4585;F;20-39
4586;F;<20
4587;F;20-39
4588;F;40-59
4589;F;<20
4590;F;40-59
4591;M;40-59
4592;F;40-59
4593;F;20-39
4594;M;40-59
4595;M;20-39
4596;F;60+
4597;M;40-59
4598;M;<20
4599;M;40-59
4600;M;20-39
4601;F;20-39
4602;F;20-39
4603;F;40-59
4604;F;40-59
4605;F;60+
4606;M;20-39
4607;F;40-59
4608;M;40-59
4609;M;40-59
4610;F;20-39
4611;F;20-39
4612;M;40-59
4613;F;20-39
4614;M;20-39
4615;M;20-39
4616;M;20-39
4617;M;<20
4618;F;<20
4619;M;40-59
4620;F;60+
4621;M;20-39
4622;F;<20
4623;F;40-59
4624;F;20-39
4625;M;60+
4626;F;20-39
4627;F;20-39
4628;M;20-39
4629;M;20-39
4630;M;40-59
4631;M;<20
4632;M;60+
4633;M;40-59
4634;M;60+
4635;F;60+
4636;M;20-39
4637;M;20-39
4638;F;60+
4639;M;20-39
4640;M;<20
4641;M;20-39
4642;M;20-39
4643;M;60+
4644;M;20-39
4645;M;40-59
4646;F;60+
4647;F;20-39
4648;M;40-59
4649;M;<20
4650;M;<20
4651;F;<20
4652;F;20-39
4653;M;20-39
4654;M;20-39
4655;M;20-39
4656;F;<20
4657;F;40-59
4658;M;<20
4659;F;40-59
4660;M;60+
4661;F;40-59
4662;F;40-59
4663;M;40-59
4664;M;40-59
4665;F;60+
4666;M;60+
4667;F;20-39
4668;M;40-59
4669;F;40-59
4670;M;<20
4671;M;20-39
4672;M;40-59
4673;M;40-59
4674;M;20-39
4675;F;20-39
4676;M;20-39
4677;M;20-39
4678;M;60+
4679;M;60+
4680;F;20-39
4681;F;20-39
4682;M;40-59
4683;F;40-59
4684;F;20-39
4685;F;20-39
4686;M;<20
4687;M;40-59
4688;M;40-59
4689;F;20-39
4690;F;60+
4691;M;40-59
4692;M;60+
4693;F;20-39
4694;F;20-39
4695;M;60+
4696;F;60+
4697;M;60+
4698;M;40-59
4699;F;20-39
4700;F;20-39
4701;F;20-39
4702;M;60+
4703;M;20-39
4704;M;40-59
4705;M;60+
4706;M;60+
4707;M;60+
4708;M;20-39
4709;M;20-39
4710;M;60+
4711;F;20-39
4712;M;20-39
4713;F;60+
4714;F;40-59
4715;F;20-39
4716;M;<20
4717;M;20-39
4718;F;60+
4719;F;40-59
4720;M;20-39
4721;M;20-39
4722;F;60+
4723;M;60+
4724;F;20-39
4725;M;40-59
4726;M;20-39
4727;F;20-39
4728;M;20-39
4729;F;20-39
4730;M;40-59
4731;M;20-39
4732;F;20-39
4733;M;<20
4734;M;<20
4735;F;40-59
4736;F;20-39
4737;F;<20
4738;M;60+
4739;M;20-39
4740;F;60+
4741;M;40-59
4742;M;40-59
4743;F;20-39
4744;M;20-39
4745;M;60+
4746;M;40-59
4747;M;20-39
4748;F;40-59
4749;F;20-39
4750;M;60+
4751;M;40-59
4752;F;<20
4753;M;60+
4754;M;60+
4755;F;40-59
4756;F;<20
4757;M;40-59
4758;F;40-59
4759;M;20-39
4760;F;60+
4761;F;40-59
4762;F;60+
4763;F;40-59
4764;F;20-39
4765;M;60+
4766;M;40-59
4767;F;20-39
4768;F;20-39
4769;M;<20
4770;F;40-59
4771;F;20-39
4772;M;60+
4773;M;60+
4774;M;40-59
4775;M;20-39
4776;M;40-59
4777;M;<20
4778;M;40-59
4779;M;20-39
4780;F;60+
4781;M;20-39
4782;F;20-39
4783;F;60+
4784;F;20-39
4785;F;60+
4786;F;60+
4787;M;20-39
4788;F;20-39
4789;M;20-39
4790;F;60+
4791;M;60+
4792;M;20-39
4793;M;40-59
4794;F;20-39
4795;M;40-59
4796;M;40-59
4797;M;60+
4798;M;20-39
4799;F;20-39
4800;F;20-39
4801;M;<20
4802;M;20-39
4803;M;60+
4804;M;20-39
4805;F;20-39
4806;F;40-59
4807;M;20-39
4808;F;20-39
4809;M;60+
4810;F;<20
4811;F;20-39
4812;F;40-59
4813;F;20-39
4814;F;20-39
4815;M;20-39
4816;M;20-39
4817;M;60+
4818;F;20-39
4819;F;20-39
4820;F;20-39
4821;F;60+
4822;M;<20
4823;F;60+
4824;F;20-39
4825;M;60+
4826;M;20-39
4827;M;<20
4828;M;20-39
4829;F;20-39
4830;F;40-59
4831;F;40-59
4832;M;40-59
4833;F;20-39
4834;F;40-59
4835;M;20-39
4836;F;60+
4837;M;40-59
4838;M;40-59
4839;M;60+
4840;M;40-59
4841;F;20-39
4842;M;20-39
4843;M;40-59
4844;M;20-39
4845;M;<20
4846;M;40-59
4847;M;<20
4848;F;40-59
4849;M;<20
4850;F;20-39
4851;M;60+
4852;F;<20
4853;F;40-59
4854;M;40-59
4855;M;60+
4856;F;20-39
4857;M;40-59
4858;F;20-39
4859;M;20-39
4860;M;20-39
4861;F;20-39
4862;F;20-39
4863;M;<20
4864;F;20-39
4865;F;40-59
4866;M;20-39
4867;M;20-39
4868;M;20-39
4869;M;20-39
4870;F;40-59
4871;M;60+
4872;M;20-39
4873;F;40-59
4874;F;<20
4875;F;60+
4876;F;20-39
4877;M;20-39
4878;F;20-39
4879;M;<20
4880;M;40-59
4881;M;20-39
4882;F;20-39
4883;F;20-39
4884;M;60+
4885;F;40-59
4886;F;60+
4887;M;60+
4888;F;60+
4889;M;20-39
4890;F;20-39
4891;M;20-39
4892;M;20-39
4893;M;40-59
4894;M;<20
4895;F;<20
4896;M;40-59
4897;M;<20
4898;F;<20
4899;F;<20
4900;F;40-59
4901;F;<20
4902;M;<20
4903;M;20-39
4904;F;40-59
4905;F;20-39
4906;F;<20
4907;F;60+
4908;M;60+
4909;F;20-39
4910;M;20-39
4911;M;20-39
4912;M;40-59
4913;M;20-39
4914;F;60+
4915;M;40-59
4916;F;40-59
4917;F;<20
4918;F;60+
4919;F;40-59
4920;M;40-59
4921;M;<20
4922;M;40-59
4923;M;40-59
4924;F;60+
4925;M;40-59
4926;M;20-39
4927;M;20-39
4928;M;40-59
4929;F;60+
4930;M;40-59
4931;F;20-39
4932;F;<20
4933;F;40-59
4934;M;60+
4935;F;<20
4936;M;20-39
4937;M;60+
4938;F;20-39
4939;F;20-39
4940;M;20-39
4941;F;20-39
4942;M;<20
4943;F;40-59
4944;F;40-59
4945;F;40-59
4946;F;40-59
4947;F;<20
4948;F;20-39
4949;F;20-39
4950;F;<20
4951;M;40-59
4952;F;<20
4953;M;40-59
4954;F;20-39
4955;M;<20
4956;M;<20
4957;F;20-39
4958;M;40-59
4959;M;40-59
4960;F;<20
4961;M;40-59
4962;M;40-59
4963;M;20-39
4964;M;<20
4965;M;<20
4966;M;<20
4967;M;60+
4968;M;20-39
4969;M;20-39
4970;F;40-59
4971;F;20-39
4972;M;40-59
4973;M;<20
4974;F;20-39
4975;F;<20
4976;M;20-39
4977;M;20-39
4978;M;40-59
4979;F;40-59
4980;F;40-59
4981;F;<20
4982;M;60+
4983;M;<20
4984;M;40-59
4985;M;40-59
4986;M;40-59
4987;F;20-39
4988;M;40-59
4989;F;40-59
4990;M;<20
4991;M;40-59
4992;F;<20
4993;F;20-39
4994;M;40-59
4995;F;40-59
4996;M;20-39
4997;M;20-39
4998;M;20-39
4999;M;20-39
5000;F;20-39
5001;M;20-39
5002;F;40-59
5003;F;20-39
5004;M;20-39
5005;M;20-39
5006;M;<20
5007;F;20-39
5008;F;20-39
5009;F;20-39
5010;M;20-39
5011;M;20-39
5012;F;60+
5013;M;20-39
5014;F;20-39
5015;M;<20
5016;M;<20
5017;F;20-39
5018;M;40-59
5019;F;<20
5020;M;20-39
5021;F;20-39
5022;F;20-39
5023;F;60+
5024;F;20-39
5025;F;<20
5026;F;20-39
5027;M;<20
5028;M;<20
5029;F;20-39
5030;M;20-39
5031;M;<20
5032;F;40-59
5033;M;20-39
5034;F;<20
5035;F;60+
5036;M;20-39
5037;F;60+
5038;M;60+
5039;F;20-39
5040;F;20-39
5041;M;40-59
5042;M;20-39
5043;M;<20
5044;M;20-39
5045;M;20-39
5046;F;60+
5047;M;40-59
5048;F;60+
5049;M;40-59
5050;F;40-59
5051;M;20-39
5052;M;60+
5053;F;60+
5054;M;60+
5055;F;40-59
5056;M;40-59
5057;F;20-39
5058;F;60+
5059;F;<20
5060;M;20-39
5061;M;20-39
5062;M;40-59
5063;M;20-39
5064;M;20-39
5065;F;<20
5066;F;20-39
5067;F;20-39
5068;M;<20
5069;M;40-59
5070;F;20-39
5071;M;20-39
5072;M;20-39
5073;M;20-39
5074;F;60+
5075;F;<20
5076;M;20-39
5077;M;40-59
5078;M;<20
5079;M;40-59
5080;F;60+
5081;M;40-59
5082;F;60+
5083;M;20-39
5084;M;20-39
5085;F;<20
5086;M;<20
5087;F;20-39
5088;M;20-39
5089;F;20-39
5090;M;20-39
5091;M;40-59
5092;F;20-39
5093;M;20-39
5094;M;20-39
5095;F;40-59
5096;F;20-39
5097;F;40-59
5098;F;<20
5099;F;20-39
5100;F;60+
5101;F;<20
5102;M;20-39
5103;M;<20
5104;F;<20
5105;F;20-39
5106;M;<20
5107;M;20-39
5108;M;60+
5109;F;20-39
5110;F;<20
5111;M;40-59
5112;F;20-39
5113;F;60+
5114;F;20-39
5115;M;40-59
5116;F;60+
5117;F;20-39
5118;F;40-59
5119;M;40-59
5120;F;40-59
5121;F;20-39
5122;M;20-39
5123;M;<20
5124;F;60+
5125;F;<20
5126;M;<20
5127;M;60+
5128;M;20-39
5129;F;40-59
5130;F;20-39
5131;M;40-59
5132;M;20-39
5133;M;20-39
5134;M;20-39
5135;F;20-39
5136;F;20-39
5137;M;<20
5138;M;40-59
5139;M;20-39
5140;F;20-39
5141;F;20-39
5142;F;20-39
5143;M;40-59
5144;F;20-39
5145;M;60+
5146;F;40-59
5147;F;40-59
5148;M;40-59
5149;F;<20
5150;M;60+
5151;F;40-59
5152;M;40-59
5153;M;20-39
5154;M;20-39
5155;M;40-59
5156;M;20-39
5157;M;40-59
5158;F;20-39
5159;M;20-39
5160;M;20-39
5161;F;<20
5162;F;<20
5163;M;40-59
5164;M;20-39
5165;F;60+
5166;F;40-59
5167;M;40-59
5168;F;20-39
5169;M;40-59
5170;M;60+
5171;F;40-59
5172;F;<20
5173;F;40-59
5174;M;<20
5175;M;<20
5176;M;40-59
5177;M;40-59
5178;M;<20
5179;F;<20
5180;F;60+
5181;F;<20
5182;M;<20
5183;M;40-59
5184;F;60+
5185;M;20-39
5186;F;20-39
5187;M;20-39
5188;F;20-39
5189;F;40-59
5190;F;60+
5191;F;20-39
5192;F;20-39
5193;M;20-39
5194;F;<20
5195;F;20-39
5196;F;<20
5197;M;40-59
5198;M;20-39
5199;F;40-59
5200;F;20-39
5201;M;40-59
5202;M;60+
5203;M;20-39
5204;M;<20
5205;M;40-59
5206;M;<20
5207;M;20-39
5208;F;<20
5209;M;60+
5210;M;<20
5211;M;20-39
5212;M;20-39
5213;F;40-59
5214;F;20-39
5215;M;60+
5216;M;40-59
5217;M;20-39
5218;M;20-39
5219;M;40-59
5220;M;40-59
5221;M;20-39
5222;F;20-39
5223;M;<20
5224;M;<20
5225;M;<20
5226;M;<20
5227;M;<20
5228;M;60+
5229;M;40-59
5230;M;60+
5231;F;40-59
5232;F;40-59
5233;M;<20
5234;M;40-59
5235;F;20-39
5236;F;20-39
5237;M;60+
5238;M;60+
5239;M;20-39
5240;F;40-59
5241;M;<20
5242;M;<20
5243;M;<20
5244;M;20-39
5245;M;40-59
5246;F;20-39
5247;F;<20
5248;M;60+
5249;M;20-39
5250;F;20-39
5251;M;20-39
5252;M;20-39
5253;M;20-39
5254;F;40-59
5255;F;60+
5256;F;20-39
5257;F;20-39
5258;M;<20
5259;M;60+
5260;M;20-39
5261;F;20-39
5262;F;60+
5263;M;40-59
5264;F;<20
5265;M;20-39
5266;M;20-39
5267;M;60+
5268;F;20-39
5269;F;20-39
5270;M;40-59
5271;F;20-39
5272;F;<20
5273;F;60+
5274;F;<20
5275;M;60+
5276;F;40-59
5277;F;<20
5278;F;40-59
5279;M;40-59
5280;F;40-59
5281;F;40-59
5282;M;<20
5283;F;<20
5284;M;40-59
5285;M;<20
5286;M;20-39
5287;F;20-39
5288;F;<20
5289;M;40-59
5290;F;40-59
5291;M;60+
5292;M;<20
5293;F;20-39
5294;F;60+
5295;F;20-39
5296;F;40-59
5297;F;40-59
5298;M;20-39
5299;M;20-39
5300;M;40-59
5301;F;<20
5302;F;60+
5303;F;40-59
5304;M;<20
5305;M;40-59
5306;F;20-39
5307;F;20-39
5308;M;60+
5309;M;40-59
5310;M;40-59
5311;M;60+
5312;M;20-39
5313;M;20-39
5314;F;20-39
5315;M;<20
5316;M;20-39
5317;M;20-39
5318;F;40-59
5319;M;20-39
5320;M;40-59
5321;M;40-59
5322;F;60+
5323;F;20-39
5324;M;60+
5325;M;40-59
5326;M;<20
5327;F;20-39
5328;F;20-39
5329;M;40-59
5330;M;20-39
5331;F;20-39
5332;F;40-59
5333;M;20-39
5334;M;20-39
5335;M;60+
5336;F;60+
5337;F;40-59
5338;F;20-39
5339;F;<20
5340;M;20-39
5341;M;20-39
5342;M;20-39
5343;F;60+
5344;F;40-59
5345;M;20-39
5346;M;20-39
5347;F;20-39
5348;F;20-39
5349;F;40-59
5350;M;<20
5351;F;60+
5352;F;<20
5353;F;20-39
5354;F;60+
5355;F;20-39
5356;F;<20
5357;F;40-59
5358;M;20-39
5359;M;<20
5360;F;<20
5361;F;<20
5362;M;20-39
5363;M;20-39
5364;F;40-59
5365;F;60+
5366;F;<20
5367;M;20-39
5368;F;<20
5369;F;20-39
5370;M;20-39
5371;M;40-59
5372;F;20-39
5373;M;20-39
5374;F;40-59
5375;F;40-59
5376;F;20-39
5377;M;20-39
5378;F;60+
5379;M;20-39
5380;F;40-59
5381;M;40-59
5382;F;20-39
5383;F;20-39
5384;M;<20
5385;M;20-39
5386;F;20-39
5387;M;40-59
5388;M;40-59
5389;M;60+
5390;F;60+
5391;F;40-59
5392;M;<20
5393;F;20-39
5394;M;40-59
5395;M;40-59
5396;M;20-39
5397;M;40-59
5398;M;20-39
5399;F;20-39
5400;M;40-59
5401;F;20-39
5402;M;20-39
5403;M;20-39
5404;M;20-39
5405;F;20-39
5406;F;40-59
5407;M;20-39
5408;M;40-59
5409;M;<20
5410;F;60+
5411;M;40-59
5412;F;20-39
5413;M;20-39
5414;M;20-39
5415;F;40-59
5416;M;40-59
5417;M;40-59
5418;F;60+
5419;M;20-39
5420;M;40-59
5421;M;20-39
5422;M;40-59
5423;F;20-39
5424;M;40-59
5425;F;<20
5426;F;20-39
5427;F;20-39
5428;F;60+
5429;F;20-39
5430;F;20-39
5431;M;20-39
5432;M;20-39
5433;F;60+
5434;M;60+
5435;F;60+
5436;M;60+
5437;F;20-39
5438;M;20-39
5439;F;40-59
5440;M;40-59
5441;M;20-39
5442;F;40-59
5443;F;20-39
5444;F;20-39
5445;F;20-39
5446;M;60+
5447;F;40-59
5448;M;20-39
5449;F;40-59
5450;M;40-59
5451;M;20-39
5452;F;40-59
5453;F;20-39
5454;M;20-39
5455;F;<20
5456;F;20-39
5457;M;20-39
5458;F;<20
5459;M;20-39
5460;M;40-59
5461;F;40-59
5462;M;<20
5463;M;<20
5464;F;20-39
5465;M;60+
5466;F;60+
5467;F;20-39
5468;M;40-59
5469;F;40-59
5470;M;60+
5471;F;<20
5472;M;20-39
5473;F;40-59
5474;M;20-39
5475;F;<20
5476;M;<20
5477;M;20-39
5478;M;40-59
5479;F;40-59
5480;F;20-39
5481;M;60+
5482;M;20-39
5483;M;60+
5484;M;<20
5485;F;40-59
5486;F;60+
5487;F;40-59
5488;M;40-59
5489;M;20-39
5490;F;40-59
5491;M;40-59
5492;F;20-39
5493;M;60+
5494;M;20-39
5495;F;20-39
5496;M;60+
5497;F;20-39
5498;M;<20
5499;M;20-39
5500;M;40-59
5501;M;60+
5502;F;<20
5503;M;40-59
5504;F;40-59
5505;F;40-59
5506;M;40-59
5507;M;60+
5508;M;20-39
5509;F;20-39
5510;F;40-59
5511;M;20-39
5512;F;20-39
5513;M;<20
5514;M;<20
5515;M;60+
5516;F;<20
5517;M;40-59
5518;M;40-59
5519;M;<20
5520;F;20-39
5521;M;20-39
5522;M;20-39
5523;M;20-39
5524;F;40-59
5525;M;20-39
5526;F;<20
5527;M;<20
5528;M;20-39
5529;F;20-39
5530;F;60+
5531;M;<20
5532;F;20-39
5533;F;40-59
5534;M;40-59
5535;F;40-59
5536;F;<20
5537;M;40-59
5538;F;20-39
5539;M;40-59
5540;M;20-39
5541;F;40-59
5542;F;40-59
5543;F;40-59
5544;F;20-39
5545;F;40-59
5546;M;40-59
5547;F;20-39
5548;F;20-39
5549;F;20-39
5550;M;20-39
5551;M;40-59
5552;M;20-39
5553;M;40-59
5554;M;40-59
5555;F;40-59
5556;F;40-59
5557;M;40-59
5558;M;20-39
5559;F;20-39
5560;M;60+
5561;F;60+
5562;M;20-39
5563;M;60+
5564;M;60+
5565;F;20-39
5566;M;40-59
5567;F;40-59
5568;M;20-39
5569;M;<20
5570;F;20-39
5571;M;40-59
5572;M;20-39
5573;F;40-59
5574;F;40-59
5575;M;40-59
5576;M;20-39
5577;F;20-39
5578;F;20-39
5579;F;20-39
5580;F;<20
5581;F;<20
5582;M;20-39
5583;M;40-59
5584;F;20-39
5585;F;20-39
5586;F;60+
5587;F;20-39
5588;M;60+
5589;M;40-59
5590;F;<20
5591;M;60+
5592;F;60+
5593;F;40-59
5594;M;20-39
5595;F;20-39
5596;F;20-39
5597;F;40-59
5598;M;20-39
5599;F;20-39
5600;M;<20
5601;F;<20
5602;M;20-39
5603;F;20-39
5604;F;60+
5605;F;20-39
5606;F;20-39
5607;M;20-39
5608;F;20-39
5609;M;40-59
5610;F;20-39
5611;M;60+
5612;F;60+
5613;M;40-59
5614;F;40-59
5615;F;20-39
5616;M;40-59
5617;M;20-39
5618;F;40-59
5619;F;20-39
5620;M;20-39
5621;M;<20
5622;M;40-59
5623;F;40-59
5624;F;<20
5625;M;20-39
5626;F;20-39
5627;F;40-59
5628;F;<20
5629;M;<20
5630;M;40-59
5631;M;40-59
5632;M;40-59
5633;M;40-59
5634;M;60+
5635;M;20-39
5636;F;20-39
5637;M;60+
5638;F;<20
5639;M;40-59
5640;F;<20
5641;M;20-39
5642;F;<20
5643;F;40-59
5644;M;40-59
5645;F;<20
5646;M;<20
5647;F;20-39
5648;M;20-39
5649;M;20-39
5650;M;60+
5651;F;<20
5652;M;20-39
5653;F;20-39
5654;M;20-39
5655;M;20-39
5656;M;40-59
5657;F;40-59
5658;F;40-59
5659;M;20-39
5660;F;40-59
5661;M;60+
5662;M;60+
5663;F;60+
5664;M;20-39
5665;M;60+
5666;F;40-59
5667;M;40-59
5668;F;40-59
5669;F;60+
5670;F;20-39
5671;F;40-59
5672;F;40-59
5673;M;40-59
5674;F;40-59
5675;F;20-39
5676;F;20-39
5677;M;20-39
5678;F;40-59
5679;F;40-59
5680;M;40-59
5681;F;40-59
5682;M;40-59
5683;M;<20
5684;F;40-59
5685;M;60+
5686;M;40-59
5687;M;60+
5688;M;60+
5689;F;20-39
5690;F;40-59
5691;F;20-39
5692;M;20-39
5693;F;20-39
5694;F;20-39
5695;F;20-39
5696;M;40-59
5697;M;<20
5698;F;20-39
5699;F;20-39
5700;M;20-39
5701;F;60+
5702;M;20-39
5703;M;<20
5704;F;60+
5705;F;60+
5706;M;40-59
5707;F;40-59
5708;F;<20
5709;M;40-59
5710;F;20-39
5711;F;20-39
5712;F;20-39
5713;F;40-59
5714;F;20-39
5715;M;20-39
5716;M;<20
5717;F;40-59
5718;F;20-39
5719;M;20-39
5720;M;20-39
5721;F;40-59
5722;M;20-39
5723;M;60+
5724;F;20-39
5725;F;<20
5726;F;20-39
5727;F;<20
5728;M;20-39
5729;F;20-39
5730;M;60+
5731;M;20-39
5732;F;20-39
5733;F;20-39
5734;F;20-39
5735;M;20-39
5736;F;20-39
5737;F;<20
5738;F;20-39
5739;F;60+
5740;M;40-59
5741;F;60+
5742;F;20-39
5743;F;60+
5744;F;20-39
5745;F;<20
5746;M;40-59
5747;M;<20
5748;F;20-39
5749;F;40-59
5750;F;40-59
5751;M;20-39
5752;M;20-39
5753;F;<20
5754;F;60+
5755;M;20-39
5756;F;20-39
5757;M;20-39
5758;M;60+
5759;M;40-59
5760;M;20-39
5761;M;60+
5762;F;<20
5763;F;60+
5764;F;<20
5765;M;20-39
5766;M;<20
5767;M;60+
5768;F;60+
5769;M;40-59
5770;F;20-39
5771;F;20-39
5772;F;20-39
5773;M;20-39
5774;F;<20
5775;M;40-59
5776;M;40-59
5777;F;60+
5778;F;20-39
5779;F;20-39
5780;M;20-39
5781;F;20-39
5782;F;40-59
5783;M;40-59
5784;F;<20
5785;M;20-39
5786;F;60+
5787;F;20-39
5788;F;20-39
5789;F;40-59
5790;M;40-59
5791;F;<20
5792;F;40-59
5793;M;60+
5794;M;<20
5795;F;<20
5796;F;40-59
5797;F;40-59
5798;F;20-39
5799;F;20-39
5800;M;40-59
5801;M;20-39
5802;F;<20
5803;F;<20
5804;F;20-39
5805;F;60+
5806;F;20-39
5807;F;20-39
5808;F;60+
5809;M;20-39
5810;F;20-39
5811;F;<20
5812;M;40-59
5813;F;40-59
5814;F;40-59
5815;F;20-39
5816;F;20-39
5817;M;20-39
5818;M;60+
5819;M;<20
5820;M;40-59
5821;F;40-59
5822;F;<20
5823;F;20-39
5824;M;<20
5825;M;20-39
5826;M;60+
5827;F;20-39
5828;M;60+
5829;F;<20
5830;F;20-39
5831;F;60+
5832;M;60+
5833;M;20-39
5834;F;40-59
5835;F;60+
5836;M;40-59
5837;F;40-59
5838;F;<20
5839;M;<20
5840;M;40-59
5841;M;20-39
5842;M;20-39
5843;M;20-39
5844;F;20-39
5845;M;20-39
5846;F;20-39
5847;F;20-39
5848;M;<20
5849;M;60+
5850;F;40-59
5851;F;<20
5852;F;20-39
5853;M;20-39
5854;M;40-59
5855;M;40-59
5856;F;40-59
5857;F;40-59
5858;F;<20
5859;F;20-39
5860;M;<20
5861;F;20-39
5862;M;20-39
5863;F;40-59
5864;F;20-39
5865;F;40-59
5866;M;20-39
5867;F;20-39
5868;F;40-59
5869;M;<20
5870;M;20-39
5871;F;20-39
5872;M;40-59
5873;M;20-39
5874;M;60+
5875;M;60+
5876;M;40-59
5877;F;20-39
5878;M;40-59
5879;F;<20
5880;M;60+
5881;M;20-39
5882;M;20-39
5883;F;20-39
5884;F;40-59
5885;M;60+
5886;M;20-39
5887;M;20-39
5888;M;40-59
5889;F;40-59
5890;M;40-59
5891;F;20-39
5892;F;40-59
5893;F;60+
5894;F;<20
5895;M;20-39
5896;F;<20
5897;M;20-39
5898;F;40-59
5899;F;20-39
5900;M;20-39
5901;F;<20
5902;M;60+
5903;M;40-59
5904;F;20-39
5905;M;40-59
5906;F;<20
5907;F;60+
5908;F;40-59
5909;M;<20
5910;M;60+
5911;F;<20
5912;M;40-59
5913;F;20-39
5914;M;40-59
5915;M;<20
5916;F;<20
5917;F;20-39
5918;F;60+
5919;F;20-39
5920;M;40-59
5921;M;20-39
5922;M;60+
5923;F;20-39
5924;M;20-39
5925;F;60+
5926;M;20-39
5927;F;20-39
5928;F;60+
5929;F;20-39
5930;M;20-39
5931;F;20-39
5932;M;40-59
5933;M;60+
5934;M;40-59
5935;M;40-59
5936;F;20-39
5937;M;<20
5938;M;20-39
5939;F;<20
5940;F;<20
5941;F;40-59
5942;F;<20
5943;M;<20
5944;F;20-39
5945;M;20-39
5946;M;<20
5947;M;<20
5948;F;20-39
5949;M;20-39
5950;F;40-59
5951;M;60+
5952;M;40-59
5953;M;40-59
5954;M;60+
5955;M;20-39
5956;F;40-59
5957;F;20-39
5958;M;20-39
5959;F;20-39
5960;M;<20
5961;M;40-59
5962;M;<20
5963;F;40-59
5964;M;60+
5965;F;20-39
5966;M;<20
5967;F;20-39
5968;M;20-39
5969;F;60+
5970;F;40-59
5971;M;40-59
5972;M;20-39
5973;F;40-59
5974;F;40-59
5975;F;<20
5976;M;20-39
5977;F;<20
5978;M;20-39
5979;M;60+
5980;F;40-59
5981;F;20-39
5982;F;60+
5983;F;20-39
5984;M;<20
5985;F;60+
5986;M;60+
5987;M;40-59
5988;M;20-39
5989;F;60+
5990;M;40-59
5991;M;40-59
5992;F;20-39
5993;F;20-39
5994;F;40-59
5995;F;60+
5996;M;20-39
5997;F;20-39
5998;F;40-59
5999;F;20-39
6000;F;20-39
6001;M;<20
6002;M;<20
6003;F;40-59
6004;M;<20
6005;M;<20
6006;F;60+
6007;F;40-59
6008;F;<20
6009;F;20-39
6010;F;40-59
6011;F;20-39
6012;F;20-39
6013;M;20-39
6014;F;20-39
6015;M;40-59
6016;M;<20
6017;M;20-39
6018;F;20-39
6019;F;<20
6020;F;<20
6021;F;60+
6022;F;20-39
6023;M;20-39
6024;F;<20
6025;F;40-59
6026;F;20-39
6027;M;60+
6028;M;40-59
6029;F;20-39
6030;M;40-59
6031;M;<20
6032;M;60+
6033;M;60+
6034;M;20-39
6035;F;40-59
6036;F;20-39
6037;F;20-39
6038;M;40-59
6039;M;60+
6040;M;20-39
6041;M;40-59
6042;M;40-59
6043;F;20-39
6044;F;40-59
6045;F;40-59
6046;M;40-59
6047;M;60+
6048;M;<20
6049;M;20-39
6050;F;<20
6051;M;<20
6052;F;20-39
6053;F;60+
6054;M;20-39
6055;M;40-59
6056;M;20-39
6057;M;20-39
6058;F;40-59
6059;F;40-59
6060;F;20-39
6061;F;60+
6062;M;20-39
6063;M;20-39
6064;M;20-39
6065;M;40-59
6066;F;20-39
6067;M;60+
6068;M;20-39
6069;M;20-39
6070;M;60+
6071;F;20-39
6072;M;20-39
6073;M;<20
6074;M;20-39
6075;F;20-39
6076;F;20-39
6077;F;40-59
6078;M;<20
6079;M;20-39
6080;F;20-39
6081;M;20-39
6082;M;40-59
6083;F;40-59
6084;M;20-39
6085;M;<20
6086;F;20-39
6087;M;<20
6088;M;20-39
6089;M;40-59
6090;F;40-59
6091;M;20-39
6092;M;60+
6093;F;<20
6094;F;60+
6095;F;40-59
6096;M;20-39
6097;M;<20
6098;F;<20
6099;F;60+
6100;M;20-39
6101;F;60+
6102;M;20-39
6103;F;20-39
6104;F;40-59
6105;M;20-39
6106;F;20-39
6107;F;60+
6108;M;20-39
6109;M;60+
6110;F;60+
6111;M;<20
6112;M;20-39
6113;M;20-39
6114;F;40-59
6115;M;60+
6116;F;60+
6117;M;60+
6118;M;20-39
6119;F;20-39
6120;M;20-39
6121;M;60+
6122;M;20-39
6123;F;<20
6124;M;<20
6125;M;20-39
6126;M;20-39
6127;M;<20
6128;M;60+
6129;F;40-59
6130;M;20-39
6131;M;40-59
6132;F;20-39
6133;F;40-59
6134;M;20-39
6135;M;20-39
6136;M;20-39
6137;F;20-39
6138;M;40-59
6139;M;40-59
6140;M;40-59
6141;M;20-39
6142;M;20-39
6143;M;40-59
6144;F;<20
6145;F;<20
6146;F;20-39
6147;F;20-39
6148;M;20-39
6149;F;<20
6150;F;40-59
6151;F;40-59
6152;F;40-59
6153;M;40-59
6154;M;20-39
6155;M;60+
6156;M;40-59
6157;M;20-39
6158;M;20-39
6159;M;40-59
6160;F;40-59
6161;F;40-59
6162;F;40-59
6163;M;60+
6164;F;60+
6165;F;40-59
6166;F;60+
6167;F;60+
6168;M;<20
6169;M;40-59
6170;F;20-39
6171;F;20-39
6172;M;20-39
6173;M;20-39
6174;M;<20
6175;M;20-39
6176;F;<20
6177;F;40-59
6178;M;60+
6179;M;60+
6180;M;20-39
6181;M;20-39
6182;F;60+
6183;F;<20
6184;F;60+
6185;M;40-59
6186;F;20-39
6187;F;<20
6188;M;<20
6189;F;20-39
6190;F;20-39
6191;F;60+
6192;M;40-59
6193;M;20-39
6194;M;20-39
6195;M;20-39
6196;M;<20
6197;F;40-59
6198;M;40-59
6199;M;40-59
6200;F;20-39
6201;F;20-39
6202;F;40-59
6203;F;40-59
6204;M;40-59
6205;M;20-39
6206;F;60+
6207;M;20-39
6208;M;20-39
6209;M;40-59
6210;F;<20
6211;M;40-59
6212;F;20-39
6213;M;<20
6214;F;<20
6215;M;60+
6216;M;40-59
6217;F;20-39
6218;F;<20
6219;M;20-39
6220;M;20-39
6221;M;40-59
6222;M;20-39
6223;F;20-39
6224;M;<20
6225;F;40-59
6226;M;40-59
6227;M;40-59
6228;M;40-59
6229;M;60+
6230;M;20-39
6231;F;60+
6232;M;40-59
6233;F;<20
6234;M;40-59
6235;M;40-59
6236;M;40-59
6237;M;20-39
6238;F;20-39
6239;F;60+
6240;F;20-39
6241;F;<20
6242;M;20-39
6243;M;20-39
6244;F;40-59
6245;M;40-59
6246;M;60+
6247;F;20-39
6248;F;20-39
6249;F;20-39
6250;M;20-39
